Year,State,County,HAI,Facility_ID,Facility_Name,Hospital_Category_RiskAdjustment,Facility_Type,Infections_Reported,Infections_Predicted,Patient_Days,SIR,SIR_CI_95_Lower_Limit,SIR_CI_95_Upper_Limit,Comparison,Months,Notes
2020H2,California,,Clostridioides difficile Infection (CDI),,STATE OF CALIFORNIA POOLED DATA - Acute Care Hospitals,STATE OF CALIFORNIA POOLED DATA - Acute Care Hospitals,STATE OF CALIFORNIA POOLED DATA - Acute Care Hospitals,2167,3843.53,6590218,0.56,0.54,0.59,Better,,
2020H2,California,,Clostridioides difficile Infection (CDI),,STATE OF CALIFORNIA POOLED DATA - Long-Term Acute Care Hospitals,STATE OF CALIFORNIA POOLED DATA - Long-Term Acute Care Hospitals,STATE OF CALIFORNIA POOLED DATA - Long-Term Acute Care Hospitals,131,263.82,224138,0.5,0.42,0.59,Better,,
2020H2,California,,Clostridioides difficile Infection (CDI),,STATE OF CALIFORNIA POOLED DATA - Critical Access Hospitals,STATE OF CALIFORNIA POOLED DATA - Critical Access Hospitals,STATE OF CALIFORNIA POOLED DATA - Critical Access Hospitals,5,13.39,45467,0.37,0.14,0.83,Better,,
2020H2,California,,Clostridioides difficile Infection (CDI),,STATE OF CALIFORNIA POOLED DATA - Rehabilitation Hospitals or Units,STATE OF CALIFORNIA POOLED DATA - Rehabilitation Hospitals or Units,STATE OF CALIFORNIA POOLED DATA - Rehabilitation Hospitals or Units,52,117.78,272579,0.44,0.33,0.57,Better,,
2020H2,California,Alameda,Clostridioides difficile Infection (CDI),140000011,Alameda Hospital,Acute Care Hospital,"Community, <125 Beds",0,2.63,5647,0,0,1.14,Same,6,
2020H2,California,Alameda,Clostridioides difficile Infection (CDI),140000425,Alta Bates Summit Medical Center,Acute Care Hospital,"Community, >250 Beds",11,23.53,24451,0.47,0.25,0.81,Better,6,
2020H2,California,Alameda,Clostridioides difficile Infection (CDI),140000425,Alta Bates Summit Medical Center,Rehabilitation Hospital or Unit,Rehabilitation Unit,0,2.92,6682,0,0,1.03,Same,6,
2020H2,California,Alameda,Clostridioides difficile Infection (CDI),140000012,"Alta Bates Summit Medical Center, Alta Bates Campus",Acute Care Hospital,"Community, >250 Beds",12,17.62,21527,0.68,0.37,1.16,Same,6,
2020H2,California,Alameda,Clostridioides difficile Infection (CDI),140000183,Eden Medical Center,Acute Care Hospital,"Community, 125-250 Beds",4,19.7,19010,0.2,0.07,0.49,Better,6,
2020H2,California,Alameda,Clostridioides difficile Infection (CDI),140000034,Highland Hospital,Acute Care Hospital,Major Teaching,4,12.21,21366,0.33,0.1,0.79,Better,6,
2020H2,California,Alameda,Clostridioides difficile Infection (CDI),140001086,"Kaiser Foundation Hospital, Fremont",Acute Care Hospital,"Community, <125 Beds",5,8.28,12433,0.6,0.22,1.34,Same,6,
2020H2,California,Alameda,Clostridioides difficile Infection (CDI),140000188,"Kaiser Foundation Hospital, Oakland/Richmond",Acute Care Hospital,Major Teaching,5,23.47,39045,0.21,0.08,0.47,Better,6,
2020H2,California,Alameda,Clostridioides difficile Infection (CDI),630015029,"Kaiser Foundation Hospital, San Leandro",Acute Care Hospital,"Community, 125-250 Beds",7,13.93,23753,0.5,0.22,0.99,Better,6,
2020H2,California,Alameda,Clostridioides difficile Infection (CDI),140000148,"Kindred Hospital, San Francisco Bay Area",Long-Term Acute Care Hospital,Long-Term Acute Care,12,19.35,12562,0.62,0.34,1.05,Same,6,
2020H2,California,Alameda,Clostridioides difficile Infection (CDI),630013913,San Leandro Hospital,Acute Care Hospital,"Community, <125 Beds",0,2.19,5198,0,0,1.37,Same,6,
2020H2,California,Alameda,Clostridioides difficile Infection (CDI),140000041,St Rose Hospital,Acute Care Hospital,"Community, 125-250 Beds",3,5.44,7956,0.55,0.14,1.5,Same,6,
2020H2,California,Alameda,Clostridioides difficile Infection (CDI),140000797,Stanford Health Care - ValleyCare,Acute Care Hospital,"Community, 125-250 Beds",10,8.88,14340,1.13,0.57,2.01,Same,6,
2020H2,California,Alameda,Clostridioides difficile Infection (CDI),140000014,UCSF Benioff Children's Hospital Oakland,Acute Care Hospital,Pediatric,6,6.07,13130,0.99,0.4,2.06,Same,6,
2020H2,California,Alameda,Clostridioides difficile Infection (CDI),140000118,Washington Hospital,Acute Care Hospital,"Community, >250 Beds",18,20.25,28605,0.89,0.54,1.38,Same,6,
2020H2,California,Amador,Clostridioides difficile Infection (CDI),030000108,Sutter Amador Hospital,Acute Care Hospital,"Community, <125 Beds",1,2.16,4786,0.46,0.02,2.29,Same,6,
2020H2,California,Butte,Clostridioides difficile Infection (CDI),230000013,"Enloe Medical Center, Esplanade",Acute Care Hospital,"Community, >250 Beds",27,28.4,39152,0.95,0.64,1.36,Same,6,
2020H2,California,Butte,Clostridioides difficile Infection (CDI),230000405,Enloe Rehabilitation Center,Rehabilitation Hospital or Unit,Free-Standing Rehabilitation,0,1.05,3641,0,0,2.87,Same,6,
2020H2,California,Butte,Clostridioides difficile Infection (CDI),230000001,Orchard Hospital,Critical Access Hospital,Critical Access,0,0.11,498,,,,,6,
2020H2,California,Butte,Clostridioides difficile Infection (CDI),230000014,Oroville Hospital,Acute Care Hospital,"Community, 125-250 Beds",2,11.61,23432,0.17,0.03,0.57,Better,6,
2020H2,California,Calaveras,Clostridioides difficile Infection (CDI),030000120,Mark Twain Medical Center,Critical Access Hospital,Critical Access,0,0.47,1160,0,0,7.868,Same,4,"¥ See Data Dictionary; Incomplete Reporter, interpret with caution"
2020H2,California,Colusa,Clostridioides difficile Infection (CDI),230000259,Colusa Medical Center,Acute Care Hospital,"Community, <125 Beds",0,0.5,1954,0,0,7.424,Same,6,¥ See Data Dictionary
2020H2,California,Contra Costa,Clostridioides difficile Infection (CDI),140000195,Contra Costa Regional Medical Center,Acute Care Hospital,Major Teaching,3,6.12,13222,0.49,0.13,1.33,Same,6,
2020H2,California,Contra Costa,Clostridioides difficile Infection (CDI),140000196,"John Muir Medical Center, Concord Campus",Acute Care Hospital,Major Teaching,12,20.7,26984,0.58,0.31,0.99,Better,6,
2020H2,California,Contra Costa,Clostridioides difficile Infection (CDI),140000187,"John Muir Medical Center, Walnut Creek Campus",Acute Care Hospital,Major Teaching,22,33.87,39688,0.65,0.42,0.97,Better,6,
2020H2,California,Contra Costa,Clostridioides difficile Infection (CDI),140000187,"John Muir Medical Center, Walnut Creek Campus",Rehabilitation Hospital or Unit,Rehabilitation Unit,0,1.59,3087,0,0,1.88,Same,6,
2020H2,California,Contra Costa,Clostridioides difficile Infection (CDI),630011203,"Kaiser Foundation Hospital, Antioch",Acute Care Hospital,Major Teaching,4,9.23,16676,0.43,0.14,1.05,Same,6,
2020H2,California,Contra Costa,Clostridioides difficile Infection (CDI),140000191,"Kaiser Foundation Hospital, Richmond Campus",Acute Care Hospital,Major Teaching,3,3.13,7350,0.96,0.24,2.61,Same,6,
2020H2,California,Contra Costa,Clostridioides difficile Infection (CDI),140000190,"Kaiser Foundation Hospital, Walnut Creek",Acute Care Hospital,"Community, 125-250 Beds",15,20.86,27518,0.72,0.42,1.16,Same,6,
2020H2,California,Contra Costa,Clostridioides difficile Infection (CDI),140000704,San Ramon Regional Medical Center,Acute Care Hospital,"Community, <125 Beds",0,3.62,7487,0,0,0.83,Better,6,
2020H2,California,Contra Costa,Clostridioides difficile Infection (CDI),140000016,Sutter Delta Medical Center,Acute Care Hospital,"Community, 125-250 Beds",8,9.96,12508,0.8,0.37,1.53,Same,6,
2020H2,California,Del Norte,Clostridioides difficile Infection (CDI),110000049,Sutter Coast Hospital,Acute Care Hospital,"Community, <125 Beds",0,0.91,2833,0,0,4.058,Same,6,¥ See Data Dictionary
2020H2,California,Del Norte,Clostridioides difficile Infection (CDI),110000049,Sutter Coast Hospital,Rehabilitation Hospital or Unit,Rehabilitation Unit,1,0.38,1220,2.602,0.066,14.499,Same,6,¥ See Data Dictionary
2020H2,California,El Dorado,Clostridioides difficile Infection (CDI),030000114,Barton Memorial Hospital,Acute Care Hospital,"Community, <125 Beds",1,0.84,2926,1.196,0.03,6.661,Same,6,¥ See Data Dictionary
2020H2,California,El Dorado,Clostridioides difficile Infection (CDI),030000121,Marshall Medical Center,Acute Care Hospital,"Community, <125 Beds",3,10.76,9398,0.28,0.07,0.76,Better,6,
2020H2,California,Fresno,Clostridioides difficile Infection (CDI),040000124,Adventist Health Reedley,Acute Care Hospital,"Community, <125 Beds",0,0.63,3309,0,0,5.89,Same,6,¥ See Data Dictionary
2020H2,California,Fresno,Clostridioides difficile Infection (CDI),040000122,Adventist Health Selma,Acute Care Hospital,"Community, <125 Beds",1,0,0,,,,,6,"Incomplete Reporter, interpret with caution"
2020H2,California,Fresno,Clostridioides difficile Infection (CDI),040000095,Clovis Community Medical Center,Acute Care Hospital,Major Teaching,,,,,,,,0,"Incomplete Reporter, interpret with caution"
2020H2,California,Fresno,Clostridioides difficile Infection (CDI),040000101,Community Regional Medical Center,Acute Care Hospital,Major Teaching,,,,,,,,0,"Incomplete Reporter, interpret with caution"
2020H2,California,Fresno,Clostridioides difficile Infection (CDI),040001397,Fresno Heart and Surgical Hospital,Acute Care Hospital,Major Teaching,,,,,,,,0,"Incomplete Reporter, interpret with caution"
2020H2,California,Fresno,Clostridioides difficile Infection (CDI),040000254,Fresno Surgical Hospital,Acute Care Hospital,"Community, <125 Beds",0,0.31,2055,0,0,11.999,Same,6,¥ See Data Dictionary
2020H2,California,Fresno,Clostridioides difficile Infection (CDI),040000949,"Kaiser Foundation Hospital, Fresno",Acute Care Hospital,"Community, 125-250 Beds",2,13.05,21132,0.15,0.03,0.51,Better,6,
2020H2,California,Fresno,Clostridioides difficile Infection (CDI),040000126,Saint Agnes Medical Center,Acute Care Hospital,Major Teaching,6,22.55,48286,0.27,0.11,0.55,Better,6,
2020H2,California,Fresno,Clostridioides difficile Infection (CDI),040000613,San Joaquin Valley Rehabilitation Hospital,Rehabilitation Hospital or Unit,Free-Standing Rehabilitation,1,2.2,8423,0.46,0.02,2.24,Same,6,
2020H2,California,Glenn,Clostridioides difficile Infection (CDI),230000006,Glenn Medical Center,Critical Access Hospital,Critical Access,0,0.46,2079,0,0,8.034,Same,3,"¥ See Data Dictionary; Incomplete Reporter, interpret with caution"
2020H2,California,Humboldt,Clostridioides difficile Infection (CDI),110000057,Jerold Phelps Community Hospital,Critical Access Hospital,Critical Access,0,0.13,607,,,,,6,
2020H2,California,Humboldt,Clostridioides difficile Infection (CDI),110000021,Mad River Community Hospital,Acute Care Hospital,"Community, <125 Beds",0,0.96,3360,0,0,3.86,Same,6,¥ See Data Dictionary
2020H2,California,Humboldt,Clostridioides difficile Infection (CDI),110000045,Providence Redwood Memorial Hospital,Critical Access Hospital,Critical Access,0,0.79,2336,0,0,4.656,Same,6,¥ See Data Dictionary
2020H2,California,Humboldt,Clostridioides difficile Infection (CDI),110000067,"Providence St. Joseph Hospital, Eureka",Acute Care Hospital,Major Teaching,5,7.03,16851,0.71,0.26,1.58,Same,6,
2020H2,California,Humboldt,Clostridioides difficile Infection (CDI),110000069,The General Hospital,Rehabilitation Hospital or Unit,Free-Standing Rehabilitation,0,0.49,1578,0,0,7.589,Same,6,¥ See Data Dictionary
2020H2,California,Imperial,Clostridioides difficile Infection (CDI),090000040,El Centro Regional Medical Center,Acute Care Hospital,"Community, <125 Beds",3,11.66,16551,0.26,0.07,0.7,Better,6,
2020H2,California,Imperial,Clostridioides difficile Infection (CDI),090000146,Pioneers Memorial Healthcare District,Acute Care Hospital,"Community, <125 Beds",4,5.01,9656,0.8,0.25,1.93,Same,6,
2020H2,California,Inyo,Clostridioides difficile Infection (CDI),240000037,Northern Inyo Hospital,Critical Access Hospital,Critical Access,0,0.58,1750,0,0,6.414,Same,6,¥ See Data Dictionary
2020H2,California,Inyo,Clostridioides difficile Infection (CDI),240000102,Southern Inyo Hospital,Critical Access Hospital,Critical Access,,,,,,,,0,"Incomplete Reporter, interpret with caution"
2020H2,California,Kern,Clostridioides difficile Infection (CDI),120000411,Adventist Health Bakersfield,Acute Care Hospital,Major Teaching,2,14.58,33104,0.14,0.02,0.45,Better,6,
2020H2,California,Kern,Clostridioides difficile Infection (CDI),120000336,Adventist Health Delano,Acute Care Hospital,"Community, <125 Beds",0,1.68,4183,0,0,1.79,Same,6,
2020H2,California,Kern,Clostridioides difficile Infection (CDI),120000413,Adventist Health Tehachapi Valley,Critical Access Hospital,Critical Access,0,0.6,2725,0,0,6.129,Same,6,¥ See Data Dictionary
2020H2,California,Kern,Clostridioides difficile Infection (CDI),120001330,Bakersfield Heart Hospital,Acute Care Hospital,"Community, <125 Beds",2,2.28,6811,0.88,0.15,2.89,Same,6,
2020H2,California,Kern,Clostridioides difficile Infection (CDI),120000338,Bakersfield Memorial Hospital,Acute Care Hospital,"Community, >250 Beds",13,20.29,31486,0.64,0.36,1.07,Same,6,
2020H2,California,Kern,Clostridioides difficile Infection (CDI),120000555,Encompass Health Rehabilitation Hospital of Bakersfield,Rehabilitation Hospital or Unit,Free-Standing Rehabilitation,1,3.53,11055,0.28,0.01,1.4,Same,6,
2020H2,California,Kern,Clostridioides difficile Infection (CDI),120000319,"Good Samaritan Hospital, Bakersfield",Acute Care Hospital,"Community, <125 Beds",0,1.04,3728,0,0,2.88,Same,6,
2020H2,California,Kern,Clostridioides difficile Infection (CDI),120000342,Kern Medical Center,Acute Care Hospital,Major Teaching,8,13.82,26757,0.58,0.27,1.1,Same,6,
2020H2,California,Kern,Clostridioides difficile Infection (CDI),120000344,Kern Valley Healthcare District,Critical Access Hospital,Critical Access,0,0.3,1373,0,0,12.165,Same,6,¥ See Data Dictionary
2020H2,California,Kern,Clostridioides difficile Infection (CDI),120000404,Mercy Hospital,Acute Care Hospital,"Community, <125 Beds",1,7.35,12953,0.14,0.01,0.67,Better,6,
2020H2,California,Kern,Clostridioides difficile Infection (CDI),120000701,Mercy Southwest Hospital,Acute Care Hospital,"Community, <125 Beds",0,6.79,13395,0,0,0.44,Better,6,
2020H2,California,Kern,Clostridioides difficile Infection (CDI),120000409,Ridgecrest Regional Hospital,Critical Access Hospital,Critical Access,0,0.78,3534,0,0,4.726,Same,6,¥ See Data Dictionary
2020H2,California,Kings,Clostridioides difficile Infection (CDI),630012960,Adventist Health Hanford,Acute Care Hospital,"Community, 125-250 Beds",1,8.18,22250,0.12,0.01,0.6,Better,6,
2020H2,California,Lake,Clostridioides difficile Infection (CDI),110000044,Adventist Health Clearlake,Critical Access Hospital,Critical Access,0,0.48,2178,0,0,7.669,Same,6,¥ See Data Dictionary
2020H2,California,Lake,Clostridioides difficile Infection (CDI),110000019,Sutter Lakeside Hospital,Critical Access Hospital,Critical Access,0,1.52,3340,0,0,1.98,Same,6,
2020H2,California,Lassen,Clostridioides difficile Infection (CDI),230000008,Banner Lassen Medical Center,Critical Access Hospital,Critical Access,0,0.57,1715,0,0,6.517,Same,6,¥ See Data Dictionary
2020H2,California,Los Angeles,Clostridioides difficile Infection (CDI),930000059,Adventist Health Glendale,Acute Care Hospital,"Community, >250 Beds",10,21.07,42993,0.48,0.24,0.85,Better,6,
2020H2,California,Los Angeles,Clostridioides difficile Infection (CDI),930000059,Adventist Health Glendale,Rehabilitation Hospital or Unit,Rehabilitation Unit,0,1.01,3210,0,0,2.96,Same,6,
2020H2,California,Los Angeles,Clostridioides difficile Infection (CDI),930000191,Adventist Health White Memorial,Acute Care Hospital,Major Teaching,3,15.37,33879,0.2,0.05,0.53,Better,6,
2020H2,California,Los Angeles,Clostridioides difficile Infection (CDI),930000005,Alhambra Hospital Medical Center,Acute Care Hospital,"Community, 125-250 Beds",3,4.8,9768,0.63,0.16,1.7,Same,6,
2020H2,California,Los Angeles,Clostridioides difficile Infection (CDI),930000005,Alhambra Hospital Medical Center,Rehabilitation Hospital or Unit,Rehabilitation Unit,0,0.57,1206,0,0,6.523,Same,6,¥ See Data Dictionary
2020H2,California,Los Angeles,Clostridioides difficile Infection (CDI),930000008,Antelope Valley Hospital,Acute Care Hospital,Major Teaching,17,29.26,43121,0.58,0.35,0.91,Better,6,
2020H2,California,Los Angeles,Clostridioides difficile Infection (CDI),930000014,Barlow Respiratory Hospital,Long-Term Acute Care Hospital,Long-Term Acute Care,5,17.51,12337,0.29,0.11,0.63,Better,6,
2020H2,California,Los Angeles,Clostridioides difficile Infection (CDI),930000012,Beverly Hospital,Acute Care Hospital,"Community, 125-250 Beds",4,19.81,8249,0.2,0.06,0.49,Better,3,¶ See Data Dictionary
2020H2,California,Los Angeles,Clostridioides difficile Infection (CDI),930000002,"California Hospital Medical Center, Los Angeles",Acute Care Hospital,Major Teaching,5,20.94,33622,0.24,0.09,0.53,Better,6,
2020H2,California,Los Angeles,Clostridioides difficile Infection (CDI),930000031,California Rehabilitation Institute,Rehabilitation Hospital or Unit,Free-Standing Rehabilitation,6,12.52,24123,0.48,0.19,1,Same,6,
2020H2,California,Los Angeles,Clostridioides difficile Infection (CDI),930000020,Casa Colina Hospital,Acute Care Hospital,"Community, <125 Beds",1,1.1,2795,0.91,0.05,4.47,Same,6,
2020H2,California,Los Angeles,Clostridioides difficile Infection (CDI),930000020,Casa Colina Hospital,Rehabilitation Hospital or Unit,Free-Standing Rehabilitation,5,5.38,13816,0.93,0.34,2.06,Same,6,
2020H2,California,Los Angeles,Clostridioides difficile Infection (CDI),930000013,Catalina Island Medical Center,Critical Access Hospital,Critical Access,0,0.01,42,,,,,2,"Incomplete Reporter, interpret with caution"
2020H2,California,Los Angeles,Clostridioides difficile Infection (CDI),930000044,Cedars-Sinai Marina Del Rey Hospital,Acute Care Hospital,"Community, 125-250 Beds",3,3.98,9476,0.75,0.19,2.05,Same,6,
2020H2,California,Los Angeles,Clostridioides difficile Infection (CDI),930000004,Cedars-Sinai Medical Center,Acute Care Hospital,Major Teaching,57,72.7,130876,0.78,0.6,1.01,Same,6,
2020H2,California,Los Angeles,Clostridioides difficile Infection (CDI),930000022,Centinela Hospital Medical Center,Acute Care Hospital,"Community, >250 Beds",2,17.72,29733,0.11,0.02,0.37,Better,6,
2020H2,California,Los Angeles,Clostridioides difficile Infection (CDI),930000022,Centinela Hospital Medical Center,Rehabilitation Hospital or Unit,Rehabilitation Unit,0,1.14,1809,0,0,2.64,Same,6,
2020H2,California,Los Angeles,Clostridioides difficile Infection (CDI),930000034,Children's Hospital Los Angeles,Acute Care Hospital,Pediatric,27,15.11,41911,1.79,1.2,2.56,Worse,6,
2020H2,California,Los Angeles,Clostridioides difficile Infection (CDI),930000036,City of Hope Helford Clinical Research Hospital,Acute Care Hospital,"Community, 125-250 Beds",34,36.09,34207,0.94,0.66,1.3,Same,6,
2020H2,California,Los Angeles,Clostridioides difficile Infection (CDI),930000038,Coast Plaza Hospital,Acute Care Hospital,"Community, <125 Beds",3,2.67,6070,1.13,0.29,3.06,Same,6,
2020H2,California,Los Angeles,Clostridioides difficile Infection (CDI),930000114,College Medical Center,Acute Care Hospital,"Community, 125-250 Beds",5,4.12,13308,1.21,0.44,2.69,Same,6,
2020H2,California,Los Angeles,Clostridioides difficile Infection (CDI),930000040,Community Hospital of Huntington Park,Acute Care Hospital,"Community, <125 Beds",1,1.94,7895,0.52,0.03,2.54,Same,6,
2020H2,California,Los Angeles,Clostridioides difficile Infection (CDI),930000158,DOCS Surgical Hospital,Acute Care Hospital,"Community, <125 Beds",0,0.06,373,,,,,6,
2020H2,California,Los Angeles,Clostridioides difficile Infection (CDI),930000053,East Los Angeles Doctors Hospital,Acute Care Hospital,"Community, 125-250 Beds",0,5.17,11036,0,0,0.58,Better,6,
2020H2,California,Los Angeles,Clostridioides difficile Infection (CDI),930000056,Emanate Health Foothill Presbyterian Hospital,Acute Care Hospital,"Community, <125 Beds",1,4.1,11481,0.24,0.01,1.2,Same,6,
2020H2,California,Los Angeles,Clostridioides difficile Infection (CDI),930000070,Emanate Health Inter-Community Hospital,Acute Care Hospital,"Community, 125-250 Beds",5,7.65,18513,0.65,0.24,1.45,Same,6,
2020H2,California,Los Angeles,Clostridioides difficile Infection (CDI),930000132,Emanate Health Queen of the Valley Hospital,Acute Care Hospital,"Community, >250 Beds",7,11.35,24572,0.62,0.27,1.22,Same,6,
2020H2,California,Los Angeles,Clostridioides difficile Infection (CDI),930000132,Emanate Health Queen of the Valley Hospital,Rehabilitation Hospital or Unit,Rehabilitation Unit,1,0.59,1523,1.704,0.043,9.495,Same,6,¥ See Data Dictionary
2020H2,California,Los Angeles,Clostridioides difficile Infection (CDI),930000054,Encino Hospital Medical Center,Acute Care Hospital,"Community, 125-250 Beds",3,3.65,2672,0.82,0.21,2.24,Same,6,
2020H2,California,Los Angeles,Clostridioides difficile Infection (CDI),930000054,Encino Hospital Medical Center,Rehabilitation Hospital or Unit,Rehabilitation Unit,0,0.53,1212,0,0,6.996,Same,6,¥ See Data Dictionary
2020H2,California,Los Angeles,Clostridioides difficile Infection (CDI),930000058,Garfield Medical Center,Acute Care Hospital,"Community, 125-250 Beds",4,7.82,17793,0.51,0.16,1.23,Same,6,
2020H2,California,Los Angeles,Clostridioides difficile Infection (CDI),930000058,Garfield Medical Center,Rehabilitation Hospital or Unit,Rehabilitation Unit,1,0.85,2204,1.178,0.03,6.561,Same,6,¥ See Data Dictionary
2020H2,California,Los Angeles,Clostridioides difficile Infection (CDI),930000093,Glendale Memorial Hospital and Health Center,Acute Care Hospital,"Community, >250 Beds",5,11.42,14136,0.44,0.16,0.97,Better,6,
2020H2,California,Los Angeles,Clostridioides difficile Infection (CDI),930000093,Glendale Memorial Hospital and Health Center,Rehabilitation Hospital or Unit,Rehabilitation Unit,0,0.76,1753,0,0,4.837,Same,6,¥ See Data Dictionary
2020H2,California,Los Angeles,Clostridioides difficile Infection (CDI),930000068,"Good Samaritan Hospital, Los Angeles",Acute Care Hospital,"Community, >250 Beds",15,18.65,33269,0.8,0.47,1.3,Same,6,
2020H2,California,Los Angeles,Clostridioides difficile Infection (CDI),930000068,"Good Samaritan Hospital, Los Angeles",Rehabilitation Hospital or Unit,Rehabilitation Unit,1,1.39,3011,0.72,0.04,3.54,Same,6,
2020H2,California,Los Angeles,Clostridioides difficile Infection (CDI),930000062,Greater El Monte Community Hospital,Acute Care Hospital,"Community, <125 Beds",4,6.48,8238,0.62,0.2,1.49,Same,6,
2020H2,California,Los Angeles,Clostridioides difficile Infection (CDI),930000063,Henry Mayo Newhall Hospital,Acute Care Hospital,"Community, >250 Beds",3,10.44,21370,0.29,0.07,0.78,Better,6,
2020H2,California,Los Angeles,Clostridioides difficile Infection (CDI),930000063,Henry Mayo Newhall Hospital,Rehabilitation Hospital or Unit,Rehabilitation Unit,0,0.61,1370,0,0,6.026,Same,6,¥ See Data Dictionary
2020H2,California,Los Angeles,Clostridioides difficile Infection (CDI),930000065,Hollywood Presbyterian Medical Center,Acute Care Hospital,"Community, >250 Beds",2,13.15,30697,0.15,0.03,0.5,Better,6,
2020H2,California,Los Angeles,Clostridioides difficile Infection (CDI),930000065,Hollywood Presbyterian Medical Center,Rehabilitation Hospital or Unit,Rehabilitation Unit,0,1.12,2391,0,0,2.67,Same,6,
2020H2,California,Los Angeles,Clostridioides difficile Infection (CDI),930000026,Huntington Hospital,Acute Care Hospital,"Community, >250 Beds",33,37.4,49725,0.88,0.62,1.23,Same,6,
2020H2,California,Los Angeles,Clostridioides difficile Infection (CDI),930000026,Huntington Hospital,Rehabilitation Hospital or Unit,Rehabilitation Unit,0,0.88,1715,0,0,4.168,Same,6,¥ See Data Dictionary
2020H2,California,Los Angeles,Clostridioides difficile Infection (CDI),930001543,"Kaiser Foundation Hospital, Baldwin Park",Acute Care Hospital,Major Teaching,14,11.57,19865,1.21,0.69,1.98,Same,6,
2020H2,California,Los Angeles,Clostridioides difficile Infection (CDI),930000074,"Kaiser Foundation Hospital, Downey",Acute Care Hospital,Major Teaching,13,24.37,35382,0.53,0.3,0.89,Better,6,
2020H2,California,Los Angeles,Clostridioides difficile Infection (CDI),930000072,"Kaiser Foundation Hospital, Los Angeles",Acute Care Hospital,Major Teaching,10,36.87,55540,0.27,0.14,0.48,Better,6,
2020H2,California,Los Angeles,Clostridioides difficile Infection (CDI),930000050,"Kaiser Foundation Hospital, Panorama City",Acute Care Hospital,Major Teaching,4,10.42,16749,0.38,0.12,0.93,Better,6,
2020H2,California,Los Angeles,Clostridioides difficile Infection (CDI),930000071,"Kaiser Foundation Hospital, South Bay",Acute Care Hospital,Major Teaching,4,16.8,25964,0.24,0.08,0.57,Better,6,
2020H2,California,Los Angeles,Clostridioides difficile Infection (CDI),930000076,"Kaiser Foundation Hospital, West LA",Acute Care Hospital,"Community, >250 Beds",6,11.33,19336,0.53,0.22,1.1,Same,6,
2020H2,California,Los Angeles,Clostridioides difficile Infection (CDI),930000290,"Kaiser Foundation Hospital, Woodland Hills",Acute Care Hospital,Major Teaching,9,12.22,19613,0.74,0.36,1.35,Same,6,
2020H2,California,Los Angeles,Clostridioides difficile Infection (CDI),930000912,Keck Hospital of USC,Acute Care Hospital,Major Teaching,23,19.91,39758,1.16,0.75,1.71,Same,6,
2020H2,California,Los Angeles,Clostridioides difficile Infection (CDI),930000912,Keck Hospital of USC,Rehabilitation Hospital or Unit,Rehabilitation Unit,0,1.26,2163,0,0,2.38,Same,6,
2020H2,California,Los Angeles,Clostridioides difficile Infection (CDI),930000033,Kindred Hospital Paramount,Long-Term Acute Care Hospital,Long-Term Acute Care,5,12.71,15277,0.39,0.14,0.87,Better,6,
2020H2,California,Los Angeles,Clostridioides difficile Infection (CDI),930000144,"Kindred Hospital, Baldwin Park",Long-Term Acute Care Hospital,Long-Term Acute Care,5,47.28,33492,0.11,0.04,0.23,Better,5,"Incomplete Reporter, interpret with caution"
2020H2,California,Los Angeles,Clostridioides difficile Infection (CDI),930000089,"Kindred Hospital, La Mirada",Long-Term Acute Care Hospital,Long-Term Acute Care,5,7.38,8141,0.68,0.25,1.5,Same,6,
2020H2,California,Los Angeles,Clostridioides difficile Infection (CDI),930000088,"Kindred Hospital, Los Angeles",Long-Term Acute Care Hospital,Long-Term Acute Care,11,14.6,13690,0.75,0.4,1.31,Same,6,
2020H2,California,Los Angeles,Clostridioides difficile Infection (CDI),930000042,"Kindred Hospital, San Gabriel Valley",Long-Term Acute Care Hospital,Long-Term Acute Care,10,9.88,9263,1.01,0.51,1.8,Same,6,
2020H2,California,Los Angeles,Clostridioides difficile Infection (CDI),930000039,"Kindred Hospital, South Bay",Long-Term Acute Care Hospital,Long-Term Acute Care,7,10.89,9453,0.64,0.28,1.27,Same,6,
2020H2,California,Los Angeles,Clostridioides difficile Infection (CDI),930000035,L.A. Downtown Medical Center,Acute Care Hospital,"Community, <125 Beds",2,3.75,8015,0.53,0.09,1.76,Same,6,
2020H2,California,Los Angeles,Clostridioides difficile Infection (CDI),060000040,LAC+USC Medical Center,Acute Care Hospital,Major Teaching,32,55.59,79587,0.58,0.4,0.8,Better,6,
2020H2,California,Los Angeles,Clostridioides difficile Infection (CDI),060000027,LAC/Harbor UCLA Medical Center,Acute Care Hospital,Major Teaching,26,23.77,35828,1.09,0.73,1.58,Same,6,
2020H2,California,Los Angeles,Clostridioides difficile Infection (CDI),060000038,LAC/Olive View UCLA Medical Center,Acute Care Hospital,Major Teaching,3,12.63,19542,0.24,0.06,0.65,Better,6,
2020H2,California,Los Angeles,Clostridioides difficile Infection (CDI),060000028,LAC/Rancho Los Amigos National Rehabilitation Center,Acute Care Hospital,"Community, 125-250 Beds",0,2.74,10089,0,0,1.09,Same,6,
2020H2,California,Los Angeles,Clostridioides difficile Infection (CDI),060000028,LAC/Rancho Los Amigos National Rehabilitation Center,Rehabilitation Hospital or Unit,Rehabilitation Unit,3,4.56,11841,0.66,0.17,1.79,Same,6,
2020H2,California,Los Angeles,Clostridioides difficile Infection (CDI),930000047,Lakewood Regional Medical Center,Acute Care Hospital,"Community, 125-250 Beds",4,8.26,20459,0.48,0.15,1.17,Same,6,
2020H2,California,Los Angeles,Clostridioides difficile Infection (CDI),930000085,Los Angeles Community Hospital,Acute Care Hospital,"Community, <125 Beds",0,3.74,12638,0,0,0.8,Better,6,
2020H2,California,Los Angeles,Clostridioides difficile Infection (CDI),060000035,Martin Luther King Jr. Community Hospital,Acute Care Hospital,"Community, 125-250 Beds",6,11.24,21928,0.53,0.22,1.11,Same,6,
2020H2,California,Los Angeles,Clostridioides difficile Infection (CDI),930000092,Memorial Hospital of Gardena,Acute Care Hospital,"Community, <125 Beds",1,4.7,12789,0.21,0.01,1.05,Same,6,
2020H2,California,Los Angeles,Clostridioides difficile Infection (CDI),930000095,MemorialCare Long Beach Medical Center,Acute Care Hospital,Major Teaching,12,22.19,47196,0.54,0.29,0.92,Better,6,
2020H2,California,Los Angeles,Clostridioides difficile Infection (CDI),930000095,MemorialCare Long Beach Medical Center,Rehabilitation Hospital or Unit,Rehabilitation Unit,0,1.33,3451,0,0,2.25,Same,6,
2020H2,California,Los Angeles,Clostridioides difficile Infection (CDI),930001709,MemorialCare Miller Children's & Women's Hospital Long Beach,Acute Care Hospital,Pediatric,3,4.79,18846,0.63,0.16,1.71,Same,6,
2020H2,California,Los Angeles,Clostridioides difficile Infection (CDI),930000096,Methodist Hospital of Southern California,Acute Care Hospital,"Community, >250 Beds",14,14.28,29321,0.98,0.56,1.61,Same,6,
2020H2,California,Los Angeles,Clostridioides difficile Infection (CDI),930000096,Methodist Hospital of Southern California,Rehabilitation Hospital or Unit,Rehabilitation Unit,0,1.55,3894,0,0,1.94,Same,6,
2020H2,California,Los Angeles,Clostridioides difficile Infection (CDI),930000027,Mission Community Hospital,Acute Care Hospital,"Community, 125-250 Beds",1,8.25,18963,0.12,0.01,0.6,Better,6,
2020H2,California,Los Angeles,Clostridioides difficile Infection (CDI),930000107,Monrovia Memorial Hospital,Long-Term Acute Care Hospital,Long-Term Acute Care,3,2.99,2884,1,0.26,2.73,Same,6,
2020H2,California,Los Angeles,Clostridioides difficile Infection (CDI),930000108,Monterey Park Hospital,Acute Care Hospital,"Community, <125 Beds",5,1.98,8333,2.52,0.92,5.59,Same,6,
2020H2,California,Los Angeles,Clostridioides difficile Infection (CDI),930000111,Northridge Hospital Medical Center,Acute Care Hospital,Major Teaching,11,17.5,25749,0.63,0.33,1.09,Same,6,
2020H2,California,Los Angeles,Clostridioides difficile Infection (CDI),930000111,Northridge Hospital Medical Center,Rehabilitation Hospital or Unit,Rehabilitation Unit,0,1.67,3242,0,0,1.79,Same,6,
2020H2,California,Los Angeles,Clostridioides difficile Infection (CDI),930000112,Norwalk Community Hospital,Acute Care Hospital,"Community, <125 Beds",0,2.33,7105,0,0,1.28,Same,6,
2020H2,California,Los Angeles,Clostridioides difficile Infection (CDI),930000105,Olympia Medical Center,Acute Care Hospital,"Community, 125-250 Beds",6,3.47,9041,1.73,0.7,3.6,Same,5,"Incomplete Reporter, interpret with caution"
2020H2,California,Los Angeles,Clostridioides difficile Infection (CDI),930000052,"PIH Health Hospital, Downey",Acute Care Hospital,Major Teaching,2,11.96,17637,0.17,0.03,0.55,Better,6,
2020H2,California,Los Angeles,Clostridioides difficile Infection (CDI),930000099,"PIH Health Hospital, Whittier",Acute Care Hospital,"Community, >250 Beds",14,35.75,39626,0.39,0.22,0.64,Better,6,
2020H2,California,Los Angeles,Clostridioides difficile Infection (CDI),930000099,"PIH Health Hospital, Whittier",Rehabilitation Hospital or Unit,Rehabilitation Unit,7,1.1,1758,6.34,2.77,12.54,Worse,6,
2020H2,California,Los Angeles,Clostridioides difficile Infection (CDI),930000133,Pacifica Hospital of the Valley,Acute Care Hospital,"Community, 125-250 Beds",1,1.57,4945,0.64,0.03,3.13,Same,6,
2020H2,California,Los Angeles,Clostridioides difficile Infection (CDI),930000077,Palmdale Regional Medical Center,Acute Care Hospital,Major Teaching,2,14.91,18227,0.13,0.02,0.44,Better,6,
2020H2,California,Los Angeles,Clostridioides difficile Infection (CDI),930000077,Palmdale Regional Medical Center,Rehabilitation Hospital or Unit,Rehabilitation Unit,0,1.58,3081,0,0,1.89,Same,6,
2020H2,California,Los Angeles,Clostridioides difficile Infection (CDI),930000123,Pomona Valley Hospital Medical Center,Acute Care Hospital,Major Teaching,19,30.34,38499,0.63,0.39,0.96,Better,6,
2020H2,California,Los Angeles,Clostridioides difficile Infection (CDI),930000091,Providence Cedars-Sinai Tarzana Medical Center,Acute Care Hospital,"Community, 125-250 Beds",4,8.21,19005,0.49,0.16,1.18,Same,6,
2020H2,California,Los Angeles,Clostridioides difficile Infection (CDI),930000066,Providence Holy Cross Medical Center,Acute Care Hospital,"Community, >250 Beds",5,16.34,36735,0.31,0.11,0.68,Better,6,
2020H2,California,Los Angeles,Clostridioides difficile Infection (CDI),930000066,Providence Holy Cross Medical Center,Rehabilitation Hospital or Unit,Rehabilitation Unit,0,0.6,1569,0,0,6.102,Same,6,¥ See Data Dictionary
2020H2,California,Los Angeles,Clostridioides difficile Infection (CDI),930000157,Providence Little Company of Mary Medical Center San Pedro,Acute Care Hospital,"Community, >250 Beds",1,3.15,8624,0.32,0.02,1.57,Same,6,
2020H2,California,Los Angeles,Clostridioides difficile Infection (CDI),930000157,Providence Little Company of Mary Medical Center San Pedro,Rehabilitation Hospital or Unit,Rehabilitation Unit,0,0.98,2536,0,0,3.775,Same,6,¥ See Data Dictionary
2020H2,California,Los Angeles,Clostridioides difficile Infection (CDI),930000081,Providence Little Company of Mary Medical Center Torrance,Acute Care Hospital,"Community, >250 Beds",3,12.15,27512,0.25,0.06,0.67,Better,6,
2020H2,California,Los Angeles,Clostridioides difficile Infection (CDI),930000100,Providence Saint John's Health Center,Acute Care Hospital,"Community, >250 Beds",6,10.76,26825,0.56,0.23,1.16,Same,6,
2020H2,California,Los Angeles,Clostridioides difficile Infection (CDI),930000101,Providence Saint Joseph Medical Center,Acute Care Hospital,"Community, >250 Beds",6,14.41,31228,0.42,0.17,0.87,Better,6,
2020H2,California,Los Angeles,Clostridioides difficile Infection (CDI),930000101,Providence Saint Joseph Medical Center,Rehabilitation Hospital or Unit,Rehabilitation Unit,0,0.05,200,,,,,6,
2020H2,California,Los Angeles,Clostridioides difficile Infection (CDI),930000162,Ronald Reagan UCLA Medical Center,Acute Care Hospital,Major Teaching,81,55.66,73120,1.46,1.16,1.8,Worse,6,
2020H2,California,Los Angeles,Clostridioides difficile Infection (CDI),930000125,San Dimas Community Hospital,Acute Care Hospital,"Community, <125 Beds",0,2.86,7412,0,0,1.05,Same,6,
2020H2,California,Los Angeles,Clostridioides difficile Infection (CDI),930000041,San Gabriel Valley Medical Center,Acute Care Hospital,"Community, 125-250 Beds",4,10.35,14216,0.39,0.12,0.93,Better,6,
2020H2,California,Los Angeles,Clostridioides difficile Infection (CDI),930000049,Santa Monica - UCLA Medical Center and Orthopaedic Hospital,Acute Care Hospital,Major Teaching,21,28,38475,0.75,0.48,1.13,Same,6,
2020H2,California,Los Angeles,Clostridioides difficile Infection (CDI),930000140,Sherman Oaks Hospital,Acute Care Hospital,"Community, 125-250 Beds",4,5.11,9235,0.78,0.25,1.89,Same,6,
2020H2,California,Los Angeles,Clostridioides difficile Infection (CDI),930000015,Southern California Hospital at Culver City,Acute Care Hospital,"Community, >250 Beds",0,5.9,16063,0,0,0.51,Better,5,"Incomplete Reporter, interpret with caution"
2020H2,California,Los Angeles,Clostridioides difficile Infection (CDI),930000015,Southern California Hospital at Culver City,Rehabilitation Hospital or Unit,Rehabilitation Unit,0,0.7,1496,0,0,5.258,Same,3,¥ See Data Dictionary
2020H2,California,Los Angeles,Clostridioides difficile Infection (CDI),930000064,Southern California Hospital at Hollywood,Acute Care Hospital,"Community, <125 Beds",2,2.49,9629,0.8,0.14,2.66,Same,6,
2020H2,California,Los Angeles,Clostridioides difficile Infection (CDI),930000128,St. Francis Medical Center,Acute Care Hospital,"Community, >250 Beds",8,16.01,28028,0.5,0.23,0.95,Better,6,
2020H2,California,Los Angeles,Clostridioides difficile Infection (CDI),930000103,"St. Mary Medical Center, Long Beach",Acute Care Hospital,"Community, >250 Beds",6,12.28,27239,0.49,0.2,1.02,Same,6,
2020H2,California,Los Angeles,Clostridioides difficile Infection (CDI),930000103,"St. Mary Medical Center, Long Beach",Rehabilitation Hospital or Unit,Rehabilitation Unit,1,1.05,2724,0.95,0.05,4.7,Same,6,
2020H2,California,Los Angeles,Clostridioides difficile Infection (CDI),930000127,Torrance Memorial Medical Center,Acute Care Hospital,"Community, >250 Beds",14,27.6,45884,0.51,0.29,0.83,Better,6,
2020H2,California,Los Angeles,Clostridioides difficile Infection (CDI),930000163,USC Kenneth Norris Jr. Cancer Hospital,Acute Care Hospital,Major Teaching,5,6.05,6913,0.83,0.3,1.83,Same,6,
2020H2,California,Los Angeles,Clostridioides difficile Infection (CDI),930000187,USC Verdugo Hills Hospital,Acute Care Hospital,Major Teaching,7,7.53,11965,0.93,0.41,1.84,Same,6,
2020H2,California,Los Angeles,Clostridioides difficile Infection (CDI),930000129,Valley Presbyterian Hospital,Acute Care Hospital,"Community, >250 Beds",9,17.56,29856,0.51,0.25,0.94,Better,6,
2020H2,California,Los Angeles,Clostridioides difficile Infection (CDI),930000129,Valley Presbyterian Hospital,Rehabilitation Hospital or Unit,Rehabilitation Unit,0,1.03,1932,0,0,2.91,Same,6,
2020H2,California,Los Angeles,Clostridioides difficile Infection (CDI),930000188,West Covina Medical Center,Acute Care Hospital,"Community, <125 Beds",0,0.08,469,,,,,6,
2020H2,California,Los Angeles,Clostridioides difficile Infection (CDI),930000028,West Hills Hospital & Medical Center,Acute Care Hospital,"Community, >250 Beds",8,11.72,20353,0.68,0.32,1.3,Same,6,
2020H2,California,Los Angeles,Clostridioides difficile Infection (CDI),930000151,Whittier Hospital Medical Center,Acute Care Hospital,"Community, 125-250 Beds",1,4.72,10288,0.21,0.01,1.05,Same,5,"Incomplete Reporter, interpret with caution"
2020H2,California,Madera,Clostridioides difficile Infection (CDI),040000111,Madera Community Hospital,Acute Care Hospital,"Community, <125 Beds",0,3.13,9421,0,0,0.96,Better,6,
2020H2,California,Madera,Clostridioides difficile Infection (CDI),040000129,Valley Children's Hospital,Acute Care Hospital,Pediatric,10,6.64,20464,1.51,0.77,2.68,Same,6,
2020H2,California,Marin,Clostridioides difficile Infection (CDI),110000944,"Kaiser Foundation Hospital, San Rafael",Acute Care Hospital,"Community, <125 Beds",5,5.03,9490,0.99,0.36,2.2,Same,6,
2020H2,California,Marin,Clostridioides difficile Infection (CDI),110000946,Kentfield Hospital,Long-Term Acute Care Hospital,Long-Term Acute Care,0,4.63,4715,0,0,0.65,Better,3,"Incomplete Reporter, interpret with caution"
2020H2,California,Marin,Clostridioides difficile Infection (CDI),110000953,MarinHealth Medical Center,Acute Care Hospital,"Community, 125-250 Beds",4,8.95,15963,0.45,0.14,1.08,Same,6,
2020H2,California,Marin,Clostridioides difficile Infection (CDI),110000982,Novato Community Hospital,Acute Care Hospital,"Community, <125 Beds",0,1.78,3365,0,0,1.69,Same,6,
2020H2,California,Mariposa,Clostridioides difficile Infection (CDI),040000105,John C. Fremont Healthcare District,Critical Access Hospital,Critical Access,0,0.32,1451,0,0,11.511,Same,6,¥ See Data Dictionary
2020H2,California,Mendocino,Clostridioides difficile Infection (CDI),110000008,Adventist Health Howard Memorial,Critical Access Hospital,Critical Access,0,1.82,4005,0,0,1.65,Same,6,
2020H2,California,Mendocino,Clostridioides difficile Infection (CDI),110000023,Adventist Health Mendocino Coast,Critical Access Hospital,Critical Access,0,0.5,2267,0,0,7.368,Same,6,¥ See Data Dictionary
2020H2,California,Mendocino,Clostridioides difficile Infection (CDI),110000070,Adventist Health Ukiah Valley,Acute Care Hospital,"Community, <125 Beds",0,3.57,6094,0,0,0.84,Better,6,
2020H2,California,Merced,Clostridioides difficile Infection (CDI),040000110,Memorial Hospital Los Banos,Acute Care Hospital,"Community, <125 Beds",0,0.95,3137,0,0,3.865,Same,6,¥ See Data Dictionary
2020H2,California,Merced,Clostridioides difficile Infection (CDI),040000113,Mercy Medical Center,Acute Care Hospital,"Community, 125-250 Beds",6,11.42,20209,0.53,0.21,1.09,Same,6,
2020H2,California,Modoc,Clostridioides difficile Infection (CDI),230000011,Modoc Medical Center,Critical Access Hospital,Critical Access,0,0.09,392,,,,,6,
2020H2,California,Modoc,Clostridioides difficile Infection (CDI),230000021,Surprise Valley Community Hospital,Critical Access Hospital,Critical Access,0,0,4,,,,,1,"Incomplete Reporter, interpret with caution"
2020H2,California,Mono,Clostridioides difficile Infection (CDI),240000005,Mammoth Hospital,Critical Access Hospital,Critical Access,0,0.39,855,0,0,9.502,Same,6,¥ See Data Dictionary
2020H2,California,Monterey,Clostridioides difficile Infection (CDI),070000137,Community Hospital of The Monterey Peninsula,Acute Care Hospital,"Community, >250 Beds",19,18.84,26077,1.01,0.63,1.55,Same,6,
2020H2,California,Monterey,Clostridioides difficile Infection (CDI),070000137,Community Hospital of The Monterey Peninsula,Rehabilitation Hospital or Unit,Rehabilitation Unit,0,0.89,1719,0,0,4.159,Same,6,¥ See Data Dictionary
2020H2,California,Monterey,Clostridioides difficile Infection (CDI),070000141,George L. Mee Memorial Hospital,Acute Care Hospital,"Community, <125 Beds",0,0.22,894,0,0,16.976,Same,6,¥ See Data Dictionary
2020H2,California,Monterey,Clostridioides difficile Infection (CDI),070000145,Natividad Medical Center,Acute Care Hospital,Major Teaching,4,11.38,19903,0.35,0.11,0.85,Better,6,
2020H2,California,Monterey,Clostridioides difficile Infection (CDI),070000145,Natividad Medical Center,Rehabilitation Hospital or Unit,Rehabilitation Unit,1,2.68,4274,0.37,0.02,1.84,Same,6,
2020H2,California,Monterey,Clostridioides difficile Infection (CDI),070000147,Salinas Valley Memorial Hospital,Acute Care Hospital,"Community, >250 Beds",3,11.51,20456,0.26,0.07,0.71,Better,6,
2020H2,California,Napa,Clostridioides difficile Infection (CDI),110000058,Adventist Health St. Helena,Acute Care Hospital,"Community, <125 Beds",0,1.41,2720,0,0,2.12,Same,3,"Incomplete Reporter, interpret with caution"
2020H2,California,Napa,Clostridioides difficile Infection (CDI),110000041,Providence Queen of the Valley Medical Center,Acute Care Hospital,"Community, 125-250 Beds",3,4.38,11144,0.69,0.17,1.86,Same,6,
2020H2,California,Napa,Clostridioides difficile Infection (CDI),110000041,Providence Queen of the Valley Medical Center,Rehabilitation Hospital or Unit,Rehabilitation Unit,0,0.59,1534,0,0,6.241,Same,6,¥ See Data Dictionary
2020H2,California,Nevada,Clostridioides difficile Infection (CDI),230000262,Sierra Nevada Memorial Hospital,Acute Care Hospital,"Community, <125 Beds",8,5.45,8260,1.47,0.68,2.79,Same,6,
2020H2,California,Nevada,Clostridioides difficile Infection (CDI),230000265,Tahoe Forest Hospital,Critical Access Hospital,Critical Access,3,0.78,3523,3.856,0.795,11.268,Same,6,¥ See Data Dictionary
2020H2,California,Orange,Clostridioides difficile Infection (CDI),060000002,AHMC Anaheim Regional Medical Center,Acute Care Hospital,"Community, 125-250 Beds",1,9.02,16163,0.11,0.01,0.55,Better,6,
2020H2,California,Orange,Clostridioides difficile Infection (CDI),060000074,Anaheim Global Medical Center,Acute Care Hospital,"Community, 125-250 Beds",2,0,0,,,,,6,"Incomplete Reporter, interpret with caution"
2020H2,California,Orange,Clostridioides difficile Infection (CDI),060000006,Chapman Global Medical Center,Acute Care Hospital,"Community, <125 Beds",1,2.04,4059,0.49,0.03,2.42,Same,6,
2020H2,California,Orange,Clostridioides difficile Infection (CDI),060000007,Children's Hospital of Orange County,Acute Care Hospital,Pediatric,10,9.83,22114,1.02,0.52,1.81,Same,6,
2020H2,California,Orange,Clostridioides difficile Infection (CDI),060000008,College Hospital Costa Mesa,Acute Care Hospital,"Community, 125-250 Beds",0,4.76,21253,0,0,0.63,Better,6,
2020H2,California,Orange,Clostridioides difficile Infection (CDI),060001097,Encompass Health Rehabilitation Hospital of Tustin,Rehabilitation Hospital or Unit,Free-Standing Rehabilitation,5,3.58,6846,1.4,0.51,3.1,Same,6,
2020H2,California,Orange,Clostridioides difficile Infection (CDI),060000013,Foothill Regional Medical Center,Acute Care Hospital,"Community, <125 Beds",1,3.07,6337,0.33,0.02,1.61,Same,6,
2020H2,California,Orange,Clostridioides difficile Infection (CDI),060000011,Fountain Valley Regional Hospital and Medical Center,Acute Care Hospital,"Community, >250 Beds",8,20.18,38550,0.4,0.18,0.75,Better,6,
2020H2,California,Orange,Clostridioides difficile Infection (CDI),060000058,Garden Grove Hospital and Medical Center,Acute Care Hospital,"Community, 125-250 Beds",2,5.58,8072,0.36,0.06,1.19,Same,6,
2020H2,California,Orange,Clostridioides difficile Infection (CDI),060001674,"Healthbridge Children's Hospital, Orange",Acute Care Hospital,Pediatric,0,0.09,633,,,,,6,
2020H2,California,Orange,Clostridioides difficile Infection (CDI),060001022,Hoag Hospital Irvine,Acute Care Hospital,"Community, <125 Beds",4,4.85,9537,0.82,0.26,1.99,Same,6,
2020H2,California,Orange,Clostridioides difficile Infection (CDI),060000014,Hoag Memorial Hospital Presbyterian,Acute Care Hospital,"Community, >250 Beds",13,24.43,49307,0.53,0.3,0.89,Better,6,
2020H2,California,Orange,Clostridioides difficile Infection (CDI),060000014,Hoag Memorial Hospital Presbyterian,Rehabilitation Hospital or Unit,Rehabilitation Unit,0,1.46,3108,0,0,2.06,Same,6,
2020H2,California,Orange,Clostridioides difficile Infection (CDI),630012891,Hoag Orthopedic Institute,Acute Care Hospital,"Community, <125 Beds",0,0.28,2383,0,0,13.188,Same,6,¥ See Data Dictionary
2020H2,California,Orange,Clostridioides difficile Infection (CDI),060000015,Huntington Beach Hospital,Acute Care Hospital,"Community, <125 Beds",2,3.11,5390,0.64,0.11,2.12,Same,6,
2020H2,California,Orange,Clostridioides difficile Infection (CDI),630013929,"Kaiser Foundation Hospital, Orange County, Anaheim",Acute Care Hospital,Major Teaching,3,16.5,26060,0.18,0.05,0.5,Better,6,
2020H2,California,Orange,Clostridioides difficile Infection (CDI),630011745,"Kaiser Foundation Hospital, Orange County, Irvine",Acute Care Hospital,Major Teaching,1,14.55,20879,0.07,0,0.34,Better,6,
2020H2,California,Orange,Clostridioides difficile Infection (CDI),060001360,"Kindred Hospital, Brea",Long-Term Acute Care Hospital,Long-Term Acute Care,1,7.04,7172,0.14,0.01,0.7,Better,6,
2020H2,California,Orange,Clostridioides difficile Infection (CDI),930001607,"Kindred Hospital, Santa Ana",Long-Term Acute Care Hospital,Long-Term Acute Care,3,9.53,8268,0.32,0.08,0.86,Better,6,
2020H2,California,Orange,Clostridioides difficile Infection (CDI),060000017,"Kindred Hospital, Westminster",Long-Term Acute Care Hospital,Long-Term Acute Care,23,21.41,15209,1.07,0.7,1.59,Same,6,
2020H2,California,Orange,Clostridioides difficile Infection (CDI),060000024,La Palma Intercommunity Hospital,Acute Care Hospital,"Community, 125-250 Beds",0,2.4,5101,0,0,1.25,Same,6,
2020H2,California,Orange,Clostridioides difficile Infection (CDI),060000025,Los Alamitos Medical Center,Acute Care Hospital,"Community, 125-250 Beds",8,9.19,22921,0.87,0.4,1.65,Same,6,
2020H2,California,Orange,Clostridioides difficile Infection (CDI),060000208,MemorialCare Orange Coast Medical Center,Acute Care Hospital,"Community, 125-250 Beds",8,11.76,23744,0.68,0.32,1.29,Same,6,
2020H2,California,Orange,Clostridioides difficile Infection (CDI),060000063,MemorialCare Saddleback Medical Center,Acute Care Hospital,"Community, 125-250 Beds",5,11.85,19805,0.42,0.16,0.94,Better,6,
2020H2,California,Orange,Clostridioides difficile Infection (CDI),060000073,Orange County Global Medical Center,Acute Care Hospital,"Community, >250 Beds",5,9.88,19517,0.51,0.19,1.12,Same,6,
2020H2,California,Orange,Clostridioides difficile Infection (CDI),060000062,Placentia Linda Hospital,Acute Care Hospital,"Community, <125 Beds",2,3.44,7997,0.58,0.1,1.92,Same,6,
2020H2,California,Orange,Clostridioides difficile Infection (CDI),060000060,Providence Mission Hospital,Acute Care Hospital,"Community, >250 Beds",4,14.53,33463,0.28,0.09,0.66,Better,6,
2020H2,California,Orange,Clostridioides difficile Infection (CDI),060000060,Providence Mission Hospital,Rehabilitation Hospital or Unit,Rehabilitation Unit,1,1.24,2638,0.81,0.04,3.99,Same,6,
2020H2,California,Orange,Clostridioides difficile Infection (CDI),060001207,Children's Hospital at Mission,Acute Care Hospital,Pediatric,0,0.53,2067,0,0,6.911,Same,6,¥ See Data Dictionary
2020H2,California,Orange,Clostridioides difficile Infection (CDI),060000066,Providence Mission Hospital - Laguna Beach,Acute Care Hospital,"Community, <125 Beds",0,1.09,5604,0,0,2.75,Same,6,
2020H2,California,Orange,Clostridioides difficile Infection (CDI),060000067,"Providence St. Joseph Hospital, Orange",Acute Care Hospital,"Community, >250 Beds",7,15.14,33985,0.46,0.2,0.91,Better,6,
2020H2,California,Orange,Clostridioides difficile Infection (CDI),060000068,Providence St. Jude Medical Center,Acute Care Hospital,"Community, >250 Beds",7,41.9,35770,0.17,0.07,0.33,Better,6,
2020H2,California,Orange,Clostridioides difficile Infection (CDI),060000068,Providence St. Jude Medical Center,Rehabilitation Hospital or Unit,Rehabilitation Unit,0,1.88,3640,0,0,1.6,Same,6,
2020H2,California,Orange,Clostridioides difficile Infection (CDI),060000021,South Coast Global Medical Center,Acute Care Hospital,"Community, 125-250 Beds",0,0.96,3155,0,0,3.831,Same,6,¥ See Data Dictionary
2020H2,California,Orange,Clostridioides difficile Infection (CDI),060000071,University of California Irvine Medical Center,Acute Care Hospital,Major Teaching,11,27.44,57259,0.4,0.21,0.7,Better,6,
2020H2,California,Orange,Clostridioides difficile Infection (CDI),060000071,University of California Irvine Medical Center,Rehabilitation Hospital or Unit,Rehabilitation Unit,0,0.86,1841,0,0,4.273,Same,6,¥ See Data Dictionary
2020H2,California,Orange,Clostridioides difficile Infection (CDI),060000016,West Anaheim Medical Center,Acute Care Hospital,"Community, <125 Beds",5,7.46,12886,0.67,0.25,1.49,Same,6,
2020H2,California,Placer,Clostridioides difficile Infection (CDI),030001370,"Kaiser Foundation Hospital, Roseville",Acute Care Hospital,Major Teaching,9,30.92,46851,0.29,0.14,0.53,Better,6,
2020H2,California,Placer,Clostridioides difficile Infection (CDI),030000109,Sutter Auburn Faith Hospital,Acute Care Hospital,"Community, <125 Beds",1,3.66,6471,0.27,0.01,1.35,Same,6,
2020H2,California,Placer,Clostridioides difficile Infection (CDI),030000134,Sutter Roseville Medical Center,Acute Care Hospital,"Community, >250 Beds",8,32.12,46007,0.25,0.12,0.47,Better,6,
2020H2,California,Placer,Clostridioides difficile Infection (CDI),030000134,Sutter Roseville Medical Center,Rehabilitation Hospital or Unit,Rehabilitation Unit,0,2.41,5712,0,0,1.24,Same,6,
2020H2,California,Plumas,Clostridioides difficile Infection (CDI),230000004,"Eastern Plumas Hospital, Portola Campus",Critical Access Hospital,Critical Access,0,0.08,340,,,,,6,
2020H2,California,Plumas,Clostridioides difficile Infection (CDI),230000015,Plumas District Hospital,Critical Access Hospital,Critical Access,0,0.04,167,,,,,1,"Incomplete Reporter, interpret with caution"
2020H2,California,Plumas,Clostridioides difficile Infection (CDI),230000017,Seneca District Hospital,Critical Access Hospital,Critical Access,0,0,0,,,,,6,"Incomplete Reporter, interpret with caution"
2020H2,California,Riverside,Clostridioides difficile Infection (CDI),250000006,Corona Regional Medical Center,Acute Care Hospital,"Community, 125-250 Beds",1,8.6,18010,0.12,0.01,0.57,Better,6,
2020H2,California,Riverside,Clostridioides difficile Infection (CDI),250000008,Desert Regional Medical Center,Acute Care Hospital,Major Teaching,29,26.79,38001,1.08,0.74,1.54,Same,6,
2020H2,California,Riverside,Clostridioides difficile Infection (CDI),250000008,Desert Regional Medical Center,Rehabilitation Hospital or Unit,Rehabilitation Unit,0,0.49,1155,0,0,7.571,Same,6,¥ See Data Dictionary
2020H2,California,Riverside,Clostridioides difficile Infection (CDI),250000044,Doctors Hospital of Riverside,Acute Care Hospital,"Community, 125-250 Beds",2,3.42,8734,0.59,0.1,1.93,Same,3,"Incomplete Reporter, interpret with caution"
2020H2,California,Riverside,Clostridioides difficile Infection (CDI),250000011,Eisenhower Medical Center,Acute Care Hospital,Major Teaching,8,16.88,34165,0.47,0.22,0.9,Better,6,
2020H2,California,Riverside,Clostridioides difficile Infection (CDI),630019237,Encompass Health Rehabilitation Hospital of Murrieta,Rehabilitation Hospital or Unit,Free-Standing Rehabilitation,0,2.01,3210,0,0,1.49,Same,6,
2020H2,California,Riverside,Clostridioides difficile Infection (CDI),250000012,Hemet Global Medical Center,Acute Care Hospital,Major Teaching,6,0,0,,,,,6,"Incomplete Reporter, interpret with caution"
2020H2,California,Riverside,Clostridioides difficile Infection (CDI),250000017,John F. Kennedy Memorial Hospital,Acute Care Hospital,"Community, 125-250 Beds",1,6.65,12634,0.15,0.01,0.74,Better,6,
2020H2,California,Riverside,Clostridioides difficile Infection (CDI),630011959,"Kaiser Foundation Hospital, Moreno Valley",Acute Care Hospital,Major Teaching,0,5.67,9537,0,0,0.53,Better,6,
2020H2,California,Riverside,Clostridioides difficile Infection (CDI),250000707,"Kaiser Foundation Hospital, Riverside",Acute Care Hospital,Major Teaching,5,15.33,24904,0.33,0.12,0.72,Better,6,
2020H2,California,Riverside,Clostridioides difficile Infection (CDI),250000004,"Kindred Hospital, Riverside",Long-Term Acute Care Hospital,Long-Term Acute Care,8,11.55,6936,0.69,0.32,1.32,Same,6,
2020H2,California,Riverside,Clostridioides difficile Infection (CDI),630012971,"Loma Linda University Medical Center, Murrieta",Acute Care Hospital,"Community, 125-250 Beds",3,12.03,19723,0.25,0.06,0.68,Better,6,
2020H2,California,Riverside,Clostridioides difficile Infection (CDI),250000727,Menifee Global Medical Center,Acute Care Hospital,"Community, <125 Beds",,,,,,,,0,"Incomplete Reporter, interpret with caution"
2020H2,California,Riverside,Clostridioides difficile Infection (CDI),250000042,Palo Verde Hospital,Acute Care Hospital,"Community, <125 Beds",0,0.22,905,0,0,16.64,Same,6,¥ See Data Dictionary
2020H2,California,Riverside,Clostridioides difficile Infection (CDI),250000049,Riverside Community Hospital,Acute Care Hospital,Major Teaching,26,34.5,60297,0.75,0.5,1.09,Same,6,
2020H2,California,Riverside,Clostridioides difficile Infection (CDI),250000050,Riverside University Health System - Medical Center,Acute Care Hospital,Major Teaching,15,29.65,41452,0.51,0.29,0.82,Better,6,
2020H2,California,Riverside,Clostridioides difficile Infection (CDI),250000101,San Gorgonio Memorial Hospital,Acute Care Hospital,"Community, <125 Beds",2,3.41,6248,0.59,0.1,1.94,Same,6,
2020H2,California,Riverside,Clostridioides difficile Infection (CDI),250000507,"Southwest Healthcare System, Murrieta",Acute Care Hospital,"Community, <125 Beds",3,5.4,14020,0.56,0.14,1.51,Same,6,
2020H2,California,Riverside,Clostridioides difficile Infection (CDI),250000344,"Southwest Healthcare System, Wildomar",Acute Care Hospital,"Community, <125 Beds",3,8.78,18571,0.34,0.09,0.93,Better,6,
2020H2,California,Riverside,Clostridioides difficile Infection (CDI),630014442,Temecula Valley Hospital,Acute Care Hospital,"Community, 125-250 Beds",10,10.25,20447,0.98,0.5,1.74,Same,6,
2020H2,California,Riverside,Clostridioides difficile Infection (CDI),630017654,Vibra Rehabilitation Hospital of Rancho Mirage,Rehabilitation Hospital or Unit,Free-Standing Rehabilitation,0,1.3,4989,0,0,2.3,Same,6,
2020H2,California,Sacramento,Clostridioides difficile Infection (CDI),030000130,"Kaiser Foundation Hospital, Sacramento",Acute Care Hospital,"Community, >250 Beds",9,17.15,29161,0.53,0.26,0.96,Better,6,
2020H2,California,Sacramento,Clostridioides difficile Infection (CDI),030000133,"Kaiser Foundation Hospital, South Sacramento",Acute Care Hospital,Major Teaching,13,21.11,33814,0.62,0.34,1.03,Same,6,
2020H2,California,Sacramento,Clostridioides difficile Infection (CDI),030000124,Mercy General Hospital,Acute Care Hospital,Major Teaching,4,19.44,29221,0.21,0.07,0.5,Better,6,
2020H2,California,Sacramento,Clostridioides difficile Infection (CDI),030000124,Mercy General Hospital,Rehabilitation Hospital or Unit,Rehabilitation Unit,0,1.75,3401,0,0,1.71,Same,6,
2020H2,California,Sacramento,Clostridioides difficile Infection (CDI),030000901,Mercy Hospital of Folsom,Acute Care Hospital,"Community, <125 Beds",4,5.74,12464,0.7,0.22,1.68,Same,6,
2020H2,California,Sacramento,Clostridioides difficile Infection (CDI),030000127,Mercy San Juan Medical Center,Acute Care Hospital,Major Teaching,11,26.07,42265,0.42,0.22,0.73,Better,6,
2020H2,California,Sacramento,Clostridioides difficile Infection (CDI),030000037,Methodist Hospital of Sacramento,Acute Care Hospital,"Community, 125-250 Beds",2,12.57,16561,0.16,0.03,0.53,Better,6,
2020H2,California,Sacramento,Clostridioides difficile Infection (CDI),030001506,Shriners Hospitals for Children Northern California,Acute Care Hospital,Pediatric,0,0.83,3438,0,0,4.461,Same,6,¥ See Data Dictionary
2020H2,California,Sacramento,Clostridioides difficile Infection (CDI),030000151,"Sutter Medical Center, Sacramento",Acute Care Hospital,Major Teaching,19,41.55,60820,0.46,0.28,0.7,Better,6,
2020H2,California,Sacramento,Clostridioides difficile Infection (CDI),030000113,University of California Davis Medical Center,Acute Care Hospital,Major Teaching,29,47.27,91960,0.61,0.42,0.87,Better,6,
2020H2,California,Sacramento,Clostridioides difficile Infection (CDI),030000113,University of California Davis Medical Center,Rehabilitation Hospital or Unit,Rehabilitation Unit,1,0.7,1495,1.426,0.036,7.947,Same,3,¥ See Data Dictionary
2020H2,California,Sacramento,Clostridioides difficile Infection (CDI),030000907,Vibra Hospital of Sacramento,Long-Term Acute Care Hospital,Long-Term Acute Care,8,10.79,9365,0.74,0.34,1.41,Same,6,
2020H2,California,San Benito,Clostridioides difficile Infection (CDI),070000142,Hazel Hawkins Memorial Hospital,Acute Care Hospital,"Community, <125 Beds",1,0.89,2725,1.119,0.028,6.233,Same,6,¥ See Data Dictionary
2020H2,California,San Bernardino,Clostridioides difficile Infection (CDI),240000100,Arrowhead Regional Medical Center,Acute Care Hospital,"Community, >250 Beds",12,23.02,49200,0.52,0.28,0.89,Better,6,
2020H2,California,San Bernardino,Clostridioides difficile Infection (CDI),240001218,Ballard Rehabilitation Hospital,Rehabilitation Hospital or Unit,Free-Standing Rehabilitation,4,2.37,6540,1.69,0.54,4.08,Same,6,
2020H2,California,San Bernardino,Clostridioides difficile Infection (CDI),240000001,Barstow Community Hospital,Acute Care Hospital,"Community, <125 Beds",1,1.2,4354,0.83,0.04,4.11,Same,6,
2020H2,California,San Bernardino,Clostridioides difficile Infection (CDI),240000002,Bear Valley Community Hospital,Critical Access Hospital,Critical Access,0,0.2,559,,,,,6,
2020H2,California,San Bernardino,Clostridioides difficile Infection (CDI),240000003,Chino Valley Medical Center,Acute Care Hospital,"Community, <125 Beds",3,5.27,10573,0.57,0.15,1.55,Same,6,
2020H2,California,San Bernardino,Clostridioides difficile Infection (CDI),240000034,Colorado River Medical Center,Critical Access Hospital,Critical Access,0,0.1,469,,,,,6,
2020H2,California,San Bernardino,Clostridioides difficile Infection (CDI),240000082,Community Hospital of San Bernardino,Acute Care Hospital,"Community, >250 Beds",2,6.55,10346,0.31,0.05,1.01,Same,6,
2020H2,California,San Bernardino,Clostridioides difficile Infection (CDI),240001330,Desert Valley Hospital,Acute Care Hospital,"Community, 125-250 Beds",6,14.13,21999,0.43,0.17,0.88,Better,6,
2020H2,California,San Bernardino,Clostridioides difficile Infection (CDI),240000014,Hi-Desert Medical Center,Acute Care Hospital,"Community, <125 Beds",1,0.59,2658,1.682,0.043,9.369,Same,6,¥ See Data Dictionary
2020H2,California,San Bernardino,Clostridioides difficile Infection (CDI),240000024,"Kaiser Foundation Hospital, Fontana",Acute Care Hospital,Major Teaching,27,32.62,42368,0.83,0.56,1.19,Same,6,
2020H2,California,San Bernardino,Clostridioides difficile Infection (CDI),630013398,"Kaiser Foundation Hospital, Ontario",Acute Care Hospital,Major Teaching,5,18.45,23340,0.27,0.1,0.6,Better,6,
2020H2,California,San Bernardino,Clostridioides difficile Infection (CDI),240000040,"Kindred Hospital, Ontario",Long-Term Acute Care Hospital,Long-Term Acute Care,10,10.61,13550,0.94,0.48,1.68,Same,6,
2020H2,California,San Bernardino,Clostridioides difficile Infection (CDI),240001515,"Kindred Hospital, Rancho",Long-Term Acute Care Hospital,Long-Term Acute Care,3,11.07,9607,0.27,0.07,0.74,Better,6,
2020H2,California,San Bernardino,Clostridioides difficile Infection (CDI),630015551,Loma Linda University Children's Hospital,Acute Care Hospital,Major Teaching,10,15.33,26922,0.65,0.33,1.16,Same,6,
2020H2,California,San Bernardino,Clostridioides difficile Infection (CDI),240000027,Loma Linda University Medical Center,Acute Care Hospital,Major Teaching,22,36.67,53524,0.6,0.39,0.89,Better,6,
2020H2,California,San Bernardino,Clostridioides difficile Infection (CDI),240000025,Loma Linda University Medical Center East Campus Hospital,Acute Care Hospital,Major Teaching,4,4.32,8707,0.93,0.29,2.23,Same,6,
2020H2,California,San Bernardino,Clostridioides difficile Infection (CDI),240000025,Loma Linda University Medical Center East Campus Hospital,Rehabilitation Hospital or Unit,Rehabilitation Unit,4,4.72,7516,0.85,0.27,2.04,Same,6,
2020H2,California,San Bernardino,Clostridioides difficile Infection (CDI),630012294,Loma Linda University Surgical Hospital,Acute Care Hospital,Major Teaching,0,0.48,2123,0,0,7.728,Same,6,¥ See Data Dictionary
2020H2,California,San Bernardino,Clostridioides difficile Infection (CDI),240000009,Montclair Hospital Medical Center,Acute Care Hospital,"Community, <125 Beds",3,2.65,5999,1.13,0.29,3.08,Same,6,
2020H2,California,San Bernardino,Clostridioides difficile Infection (CDI),240000052,Mountains Community Hospital,Critical Access Hospital,Critical Access,0,0.09,419,,,,,6,
2020H2,California,San Bernardino,Clostridioides difficile Infection (CDI),240000104,"Providence St. Mary Medical Center, Apple Valley",Acute Care Hospital,Major Teaching,12,21.67,30154,0.55,0.3,0.94,Better,6,
2020H2,California,San Bernardino,Clostridioides difficile Infection (CDI),240000046,Redlands Community Hospital,Acute Care Hospital,"Community, 125-250 Beds",7,9.71,21043,0.72,0.32,1.43,Same,6,
2020H2,California,San Bernardino,Clostridioides difficile Infection (CDI),240000053,San Antonio Regional Hospital,Acute Care Hospital,"Community, >250 Beds",18,23.97,37118,0.75,0.46,1.16,Same,6,
2020H2,California,San Bernardino,Clostridioides difficile Infection (CDI),240000103,St. Bernardine Medical Center,Acute Care Hospital,Major Teaching,5,16.49,35838,0.3,0.11,0.67,Better,6,
2020H2,California,San Bernardino,Clostridioides difficile Infection (CDI),630012380,Totally Kids Rehabilitation Hospital,Rehabilitation Hospital or Unit,Free-Standing Rehabilitation,0,0.57,1516,0,0,6.458,Same,6,¥ See Data Dictionary
2020H2,California,San Bernardino,Clostridioides difficile Infection (CDI),240000054,Victor Valley Global Medical Center,Acute Care Hospital,"Community, <125 Beds",0,0.97,2093,0,0,3.79,Same,6,"¥ See Data Dictionary; Incomplete Reporter, interpret with caution"
2020H2,California,San Diego,Clostridioides difficile Infection (CDI),090000013,Alvarado Hospital Medical Center,Acute Care Hospital,"Community, <125 Beds",12,4.54,9321,2.64,1.43,4.5,Worse,5,"Incomplete Reporter, interpret with caution"
2020H2,California,San Diego,Clostridioides difficile Infection (CDI),080000045,Grossmont Hospital,Acute Care Hospital,Major Teaching,15,31.17,57198,0.48,0.28,0.78,Better,6,
2020H2,California,San Diego,Clostridioides difficile Infection (CDI),080000045,Grossmont Hospital,Rehabilitation Hospital or Unit,Rehabilitation Unit,0,0.74,1928,0,0,4.966,Same,6,¥ See Data Dictionary
2020H2,California,San Diego,Clostridioides difficile Infection (CDI),630017096,"Kaiser Foundation Hospital, San Diego",Acute Care Hospital,Major Teaching,15,16.83,25051,0.89,0.52,1.44,Same,6,
2020H2,California,San Diego,Clostridioides difficile Infection (CDI),080000144,"Kaiser Foundation Hospital, Zion",Acute Care Hospital,Major Teaching,14,15.8,20519,0.89,0.5,1.45,Same,6,
2020H2,California,San Diego,Clostridioides difficile Infection (CDI),090000048,"Kindred Hospital, San Diego",Long-Term Acute Care Hospital,Long-Term Acute Care,2,10.2,8848,0.2,0.03,0.65,Better,6,
2020H2,California,San Diego,Clostridioides difficile Infection (CDI),630013873,Palomar Medical Center,Acute Care Hospital,"Community, >250 Beds",10,20.39,43094,0.49,0.25,0.87,Better,6,
2020H2,California,San Diego,Clostridioides difficile Infection (CDI),080000147,Palomar Medical Center Poway,Acute Care Hospital,"Community, <125 Beds",0,3.45,8170,0,0,0.87,Better,6,
2020H2,California,San Diego,Clostridioides difficile Infection (CDI),080000147,Palomar Medical Center Poway,Rehabilitation Hospital or Unit,Rehabilitation Unit,0,0.77,2382,0,0,4.768,Same,6,¥ See Data Dictionary
2020H2,California,San Diego,Clostridioides difficile Infection (CDI),090000145,Paradise Valley Hospital,Acute Care Hospital,"Community, >250 Beds",1,3.36,9106,0.3,0.02,1.47,Same,6,
2020H2,California,San Diego,Clostridioides difficile Infection (CDI),090000145,Paradise Valley Hospital,Rehabilitation Hospital or Unit,Rehabilitation Unit,0,0.49,1261,0,0,7.593,Same,6,¥ See Data Dictionary
2020H2,California,San Diego,Clostridioides difficile Infection (CDI),080000023,"Rady Children's Hospital, San Diego",Acute Care Hospital,Pediatric,2,7.58,25469,0.26,0.04,0.87,Better,6,
2020H2,California,San Diego,Clostridioides difficile Infection (CDI),080000022,Scripps Green Hospital,Acute Care Hospital,"Community, 125-250 Beds",7,11.37,16990,0.62,0.27,1.22,Same,6,
2020H2,California,San Diego,Clostridioides difficile Infection (CDI),080000150,"Scripps Memorial Hospital, Encinitas",Acute Care Hospital,"Community, 125-250 Beds",5,14.9,26546,0.34,0.12,0.74,Better,6,
2020H2,California,San Diego,Clostridioides difficile Infection (CDI),080000149,"Scripps Memorial Hospital, La Jolla",Acute Care Hospital,"Community, >250 Beds",15,35.74,47325,0.42,0.24,0.68,Better,6,
2020H2,California,San Diego,Clostridioides difficile Infection (CDI),090000025,Scripps Mercy Hospital,Acute Care Hospital,Major Teaching,5,30.72,45464,0.16,0.06,0.36,Better,6,
2020H2,California,San Diego,Clostridioides difficile Infection (CDI),090000016,Scripps Mercy Hospital Chula Vista,Acute Care Hospital,"Community, 125-250 Beds",5,11.8,20693,0.42,0.16,0.94,Better,6,
2020H2,California,San Diego,Clostridioides difficile Infection (CDI),090000977,Select Specialty Hospital - San Diego,Long-Term Acute Care Hospital,Long-Term Acute Care,5,15.7,13622,0.32,0.12,0.71,Better,6,
2020H2,California,San Diego,Clostridioides difficile Infection (CDI),090000021,Sharp Chula Vista Medical Center,Acute Care Hospital,"Community, >250 Beds",5,20.03,41102,0.25,0.09,0.55,Better,6,
2020H2,California,San Diego,Clostridioides difficile Infection (CDI),090000033,Sharp Coronado Hospital and Healthcare Center,Acute Care Hospital,Major Teaching,2,2.28,5145,0.88,0.15,2.89,Same,6,
2020H2,California,San Diego,Clostridioides difficile Infection (CDI),080001470,Sharp Mary Birch Hospital For Women And Newborns,Acute Care Hospital,Major Teaching,1,4,15498,0.25,0.01,1.23,Same,6,
2020H2,California,San Diego,Clostridioides difficile Infection (CDI),080000036,Sharp Memorial Hospital,Acute Care Hospital,Major Teaching,16,26.38,49080,0.61,0.36,0.96,Better,6,
2020H2,California,San Diego,Clostridioides difficile Infection (CDI),080000036,Sharp Memorial Hospital,Rehabilitation Hospital or Unit,Rehabilitation Unit,0,1.46,3791,0,0,2.05,Same,6,
2020H2,California,San Diego,Clostridioides difficile Infection (CDI),080000152,Tri-City Medical Center,Acute Care Hospital,"Community, >250 Beds",22,16.93,26341,1.3,0.84,1.94,Same,6,
2020H2,California,San Diego,Clostridioides difficile Infection (CDI),080000152,Tri-City Medical Center,Rehabilitation Hospital or Unit,Rehabilitation Unit,0,0.56,1327,0,0,6.59,Same,6,¥ See Data Dictionary
2020H2,California,San Diego,Clostridioides difficile Infection (CDI),090000154,UC San Diego Health Hillcrest,Acute Care Hospital,Major Teaching,19,28.78,37852,0.66,0.41,1.01,Same,6,
2020H2,California,San Diego,Clostridioides difficile Infection (CDI),090001116,UC San Diego Health La Jolla,Acute Care Hospital,Major Teaching,51,43.76,59228,1.17,0.88,1.52,Same,6,
2020H2,California,San Francisco,Clostridioides difficile Infection (CDI),220000023,"California Pacific Medical Center, Davies Campus Hospital",Acute Care Hospital,Major Teaching,5,3.92,7313,1.28,0.47,2.83,Same,6,
2020H2,California,San Francisco,Clostridioides difficile Infection (CDI),220000023,"California Pacific Medical Center, Davies Campus Hospital",Rehabilitation Hospital or Unit,Rehabilitation Unit,0,2.18,4234,0,0,1.37,Same,6,
2020H2,California,San Francisco,Clostridioides difficile Infection (CDI),220000018,"California Pacific Medical Center, Mission Bernal Campus",Acute Care Hospital,Major Teaching,10,9.83,11007,1.02,0.52,1.81,Same,6,
2020H2,California,San Francisco,Clostridioides difficile Infection (CDI),220000022,"California Pacific Medical Center, Van Ness Campus",Acute Care Hospital,Major Teaching,43,40.47,35286,1.06,0.78,1.42,Same,6,
2020H2,California,San Francisco,Clostridioides difficile Infection (CDI),220000003,Chinese Hospital,Acute Care Hospital,"Community, <125 Beds",3,1.8,3104,1.67,0.42,4.54,Same,6,
2020H2,California,San Francisco,Clostridioides difficile Infection (CDI),220000008,"Kaiser Foundation Hospital, San Francisco",Acute Care Hospital,Major Teaching,7,18.73,29272,0.37,0.16,0.74,Better,6,
2020H2,California,San Francisco,Clostridioides difficile Infection (CDI),630016625,Kentfield Hospital San Francisco,Long-Term Acute Care Hospital,Long-Term Acute Care,0,3.38,3444,0,0,0.89,Better,3,"Incomplete Reporter, interpret with caution"
2020H2,California,San Francisco,Clostridioides difficile Infection (CDI),220000012,Laguna Honda Hospital & Rehabilitation Center,Acute Care Hospital,"Community, <125 Beds",0,0.04,186,,,,,6,
2020H2,California,San Francisco,Clostridioides difficile Infection (CDI),220000012,Laguna Honda Hospital & Rehabilitation Center,Rehabilitation Hospital or Unit,Rehabilitation Unit,0,0.23,426,0,0,16.273,Same,6,¥ See Data Dictionary
2020H2,California,San Francisco,Clostridioides difficile Infection (CDI),220000029,Saint Francis Memorial Hospital,Acute Care Hospital,"Community, 125-250 Beds",0,4.68,8211,0,0,0.64,Better,6,
2020H2,California,San Francisco,Clostridioides difficile Infection (CDI),220000029,Saint Francis Memorial Hospital,Rehabilitation Hospital or Unit,Rehabilitation Unit,1,0.64,1794,1.56,0.039,8.689,Same,6,¥ See Data Dictionary
2020H2,California,San Francisco,Clostridioides difficile Infection (CDI),220000030,St. Mary's Medical Center,Acute Care Hospital,"Community, 125-250 Beds",1,6.06,8116,0.17,0.01,0.81,Better,6,
2020H2,California,San Francisco,Clostridioides difficile Infection (CDI),220000030,St. Mary's Medical Center,Rehabilitation Hospital or Unit,Rehabilitation Unit,0,0.58,1633,0,0,6.32,Same,6,¥ See Data Dictionary
2020H2,California,San Francisco,Clostridioides difficile Infection (CDI),220000031,UCSF Medical Center,Acute Care Hospital,Major Teaching,33,38.04,78673,0.87,0.61,1.2,Same,6,
2020H2,California,San Francisco,Clostridioides difficile Infection (CDI),630015778,UCSF Medical Center at Mission Bay,Acute Care Hospital,Major Teaching,8,14.74,33887,0.54,0.25,1.03,Same,6,
2020H2,California,San Francisco,Clostridioides difficile Infection (CDI),220000019,Zuckerberg San Francisco General Hospital and Trauma Center,Acute Care Hospital,Major Teaching,32,27.66,40370,1.16,0.81,1.61,Same,6,
2020H2,California,San Joaquin,Clostridioides difficile Infection (CDI),030000139,Adventist Health Lodi Memorial,Acute Care Hospital,"Community, 125-250 Beds",1,5.48,14350,0.18,0.01,0.9,Better,6,
2020H2,California,San Joaquin,Clostridioides difficile Infection (CDI),030000139,Adventist Health Lodi Memorial,Rehabilitation Hospital or Unit,Rehabilitation Unit,0,1.49,3861,0,0,2.01,Same,6,
2020H2,California,San Joaquin,Clostridioides difficile Infection (CDI),030000117,Dameron Hospital,Acute Care Hospital,"Community, 125-250 Beds",1,4.14,7496,0.24,0.01,1.19,Same,6,
2020H2,California,San Joaquin,Clostridioides difficile Infection (CDI),030000118,Doctors Hospital of Manteca,Acute Care Hospital,"Community, <125 Beds",2,2.38,7246,0.84,0.14,2.78,Same,6,
2020H2,California,San Joaquin,Clostridioides difficile Infection (CDI),030000973,"Kaiser Foundation Hospital, Manteca",Acute Care Hospital,"Community, <125 Beds",1,1.82,4227,0.55,0.03,2.72,Same,6,
2020H2,California,San Joaquin,Clostridioides difficile Infection (CDI),030000135,San Joaquin General Hospital,Acute Care Hospital,Major Teaching,1,10.48,25026,0.1,0.01,0.47,Better,6,
2020H2,California,San Joaquin,Clostridioides difficile Infection (CDI),030000143,St. Joseph's Medical Center Of Stockton,Acute Care Hospital,"Community, >250 Beds",5,20.5,43419,0.24,0.09,0.54,Better,6,
2020H2,California,San Joaquin,Clostridioides difficile Infection (CDI),030000141,Sutter Tracy Community Hospital,Acute Care Hospital,"Community, <125 Beds",1,3.1,6636,0.32,0.02,1.59,Same,6,
2020H2,California,San Luis Obispo,Clostridioides difficile Infection (CDI),050000016,French Hospital Medical Center,Acute Care Hospital,"Community, <125 Beds",2,4.57,8910,0.44,0.07,1.44,Same,6,
2020H2,California,San Luis Obispo,Clostridioides difficile Infection (CDI),050000009,"Marian Regional Medical Center, Arroyo Grande",Acute Care Hospital,"Community, <125 Beds",2,1.92,3820,1.04,0.18,3.45,Same,6,
2020H2,California,San Luis Obispo,Clostridioides difficile Infection (CDI),050000009,"Marian Regional Medical Center, Arroyo Grande",Rehabilitation Hospital or Unit,Rehabilitation Unit,1,1.6,3109,0.62,0.03,3.07,Same,6,
2020H2,California,San Luis Obispo,Clostridioides difficile Infection (CDI),050000031,Sierra Vista Regional Medical Center,Acute Care Hospital,"Community, 125-250 Beds",2,5.59,9847,0.36,0.06,1.18,Same,6,
2020H2,California,San Luis Obispo,Clostridioides difficile Infection (CDI),050000037,Tenet Health Central Coast Twin Cities Community Hospital,Acute Care Hospital,"Community, <125 Beds",3,4.3,7869,0.7,0.18,1.9,Same,6,
2020H2,California,San Mateo,Clostridioides difficile Infection (CDI),220000026,AHMC Seton Medical Center,Acute Care Hospital,"Community, 125-250 Beds",,,,,,,,0,"Incomplete Reporter, interpret with caution"
2020H2,California,San Mateo,Clostridioides difficile Infection (CDI),220000010,"Kaiser Foundation Hospital, Redwood City",Acute Care Hospital,Major Teaching,0,8.21,14058,0,0,0.37,Better,6,
2020H2,California,San Mateo,Clostridioides difficile Infection (CDI),220000009,"Kaiser Foundation Hospital, South San Francisco",Acute Care Hospital,"Community, <125 Beds",1,7.57,12595,0.13,0.01,0.65,Better,6,
2020H2,California,San Mateo,Clostridioides difficile Infection (CDI),220000716,Menlo Park Surgical Hospital,Acute Care Hospital,"Community, <125 Beds",0,0.02,101,,,,,3,"Incomplete Reporter, interpret with caution"
2020H2,California,San Mateo,Clostridioides difficile Infection (CDI),220000017,Mills-Peninsula Medical Center,Acute Care Hospital,"Community, 125-250 Beds",5,15.32,22487,0.33,0.12,0.72,Better,6,
2020H2,California,San Mateo,Clostridioides difficile Infection (CDI),220000007,San Mateo Medical Center,Acute Care Hospital,"Community, <125 Beds",1,1.91,6243,0.53,0.03,2.59,Same,6,
2020H2,California,San Mateo,Clostridioides difficile Infection (CDI),220000025,Sequoia Hospital,Acute Care Hospital,"Community, 125-250 Beds",3,4.16,9070,0.72,0.18,1.96,Same,6,
2020H2,California,Santa Barbara,Clostridioides difficile Infection (CDI),050000017,Goleta Valley Cottage Hospital,Acute Care Hospital,"Community, <125 Beds",0,0.52,1637,0,0,7.136,Same,6,¥ See Data Dictionary
2020H2,California,Santa Barbara,Clostridioides difficile Infection (CDI),050000018,Lompoc Valley Medical Center,Acute Care Hospital,Major Teaching,1,1.56,4683,0.64,0.03,3.16,Same,6,
2020H2,California,Santa Barbara,Clostridioides difficile Infection (CDI),050000021,Marian Regional Medical Center,Acute Care Hospital,"Community, 125-250 Beds",2,14.4,24700,0.14,0.02,0.46,Better,6,
2020H2,California,Santa Barbara,Clostridioides difficile Infection (CDI),050000280,Santa Barbara Cottage Hospital,Acute Care Hospital,Major Teaching,14,19.96,33056,0.7,0.4,1.15,Same,6,
2020H2,California,Santa Barbara,Clostridioides difficile Infection (CDI),050000280,Santa Barbara Cottage Hospital,Rehabilitation Hospital or Unit,Rehabilitation Unit,3,1.11,4159,2.7,0.69,7.36,Same,6,
2020H2,California,Santa Barbara,Clostridioides difficile Infection (CDI),050000030,Santa Ynez Valley Cottage Hospital,Critical Access Hospital,Critical Access,0,0.02,102,,,,,6,
2020H2,California,Santa Clara,Clostridioides difficile Infection (CDI),070001351,El Camino Health,Acute Care Hospital,"Community, >250 Beds",8,22.36,38005,0.36,0.17,0.68,Better,6,
2020H2,California,Santa Clara,Clostridioides difficile Infection (CDI),070000136,El Camino Health Los Gatos,Acute Care Hospital,"Community, 125-250 Beds",0,2.94,6262,0,0,1.02,Same,6,
2020H2,California,Santa Clara,Clostridioides difficile Infection (CDI),070000136,El Camino Health Los Gatos,Rehabilitation Hospital or Unit,Rehabilitation Unit,1,1.61,3826,0.62,0.03,3.06,Same,6,
2020H2,California,Santa Clara,Clostridioides difficile Infection (CDI),070000153,"Good Samaritan Hospital, San Jose",Acute Care Hospital,"Community, >250 Beds",6,14.3,30602,0.42,0.17,0.87,Better,6,
2020H2,California,Santa Clara,Clostridioides difficile Infection (CDI),070000150,"Kaiser Foundation Hospital, San Jose",Acute Care Hospital,"Community, 125-250 Beds",9,15.66,23449,0.58,0.28,1.06,Same,6,
2020H2,California,Santa Clara,Clostridioides difficile Infection (CDI),070001355,"Kaiser Foundation Hospital, Santa Clara",Acute Care Hospital,Major Teaching,18,26.54,40096,0.68,0.42,1.05,Same,6,
2020H2,California,Santa Clara,Clostridioides difficile Infection (CDI),070001349,Lucile Packard Children's Hospital Stanford,Acute Care Hospital,Pediatric,12,15.97,40754,0.75,0.41,1.28,Same,6,
2020H2,California,Santa Clara,Clostridioides difficile Infection (CDI),070000154,Mission Oaks Hospital,Acute Care Hospital,"Community, <125 Beds",0,0,0,,,,,6,
2020H2,California,Santa Clara,Clostridioides difficile Infection (CDI),070000154,Mission Oaks Hospital,Rehabilitation Hospital or Unit,Rehabilitation Unit,0,0.81,2473,0,0,4.569,Same,6,¥ See Data Dictionary
2020H2,California,Santa Clara,Clostridioides difficile Infection (CDI),070000146,O'Connor Hospital,Acute Care Hospital,Major Teaching,14,17.67,21715,0.79,0.45,1.3,Same,6,
2020H2,California,Santa Clara,Clostridioides difficile Infection (CDI),070000133,Regional Medical Center of San Jose,Acute Care Hospital,"Community, >250 Beds",1,14.27,34082,0.07,0,0.35,Better,6,
2020H2,California,Santa Clara,Clostridioides difficile Infection (CDI),070000149,Santa Clara Valley Medical Center,Acute Care Hospital,Major Teaching,25,32.96,46170,0.76,0.5,1.1,Same,6,
2020H2,California,Santa Clara,Clostridioides difficile Infection (CDI),070000149,Santa Clara Valley Medical Center,Rehabilitation Hospital or Unit,Rehabilitation Unit,1,4.27,8271,0.23,0.01,1.16,Same,6,
2020H2,California,Santa Clara,Clostridioides difficile Infection (CDI),070000635,St. Louise Regional Hospital,Acute Care Hospital,"Community, <125 Beds",4,3.18,6129,1.26,0.4,3.03,Same,6,
2020H2,California,Santa Clara,Clostridioides difficile Infection (CDI),070001357,Stanford Health Care,Acute Care Hospital,Major Teaching,51,50.95,88208,1,0.75,1.31,Same,6,
2020H2,California,Santa Cruz,Clostridioides difficile Infection (CDI),070000139,Dominican Hospital,Acute Care Hospital,"Community, 125-250 Beds",2,8.72,19898,0.23,0.04,0.76,Better,6,
2020H2,California,Santa Cruz,Clostridioides difficile Infection (CDI),070000139,Dominican Hospital,Rehabilitation Hospital or Unit,Rehabilitation Unit,0,1.19,3100,0,0,2.51,Same,6,
2020H2,California,Santa Cruz,Clostridioides difficile Infection (CDI),070000959,Sutter Maternity & Surgery Center of Santa Cruz,Acute Care Hospital,"Community, <125 Beds",0,0.35,1821,0,0,10.585,Same,6,¥ See Data Dictionary
2020H2,California,Santa Cruz,Clostridioides difficile Infection (CDI),070000155,Watsonville Community Hospital,Acute Care Hospital,"Community, <125 Beds",2,2.4,6354,0.83,0.14,2.75,Same,6,
2020H2,California,Shasta,Clostridioides difficile Infection (CDI),230000009,Mayers Memorial Hospital,Critical Access Hospital,Critical Access,0,0.2,894,,,,,6,
2020H2,California,Shasta,Clostridioides difficile Infection (CDI),230000010,Mercy Medical Center Redding,Acute Care Hospital,"Community, >250 Beds",5,13.24,30145,0.38,0.14,0.84,Better,6,
2020H2,California,Shasta,Clostridioides difficile Infection (CDI),230000444,Patients' Hospital of Redding,Acute Care Hospital,"Community, <125 Beds",0,0.04,174,,,,,6,
2020H2,California,Shasta,Clostridioides difficile Infection (CDI),230000016,Shasta Regional Medical Center,Acute Care Hospital,"Community, 125-250 Beds",1,6.4,13962,0.16,0.01,0.77,Better,6,
2020H2,California,Shasta,Clostridioides difficile Infection (CDI),230000422,Vibra Hospital of Northern California,Long-Term Acute Care Hospital,Long-Term Acute Care,5,5.32,6303,0.94,0.34,2.08,Same,6,
2020H2,California,Siskiyou,Clostridioides difficile Infection (CDI),230000019,Fairchild Medical Center,Critical Access Hospital,Critical Access,0,0.98,2148,0,0,3.782,Same,6,¥ See Data Dictionary
2020H2,California,Siskiyou,Clostridioides difficile Infection (CDI),230000012,Mercy Medical Center Mt. Shasta,Critical Access Hospital,Critical Access,1,0.33,1499,3.021,0.076,16.83,Same,6,¥ See Data Dictionary
2020H2,California,Solano,Clostridioides difficile Infection (CDI),110000011,"Kaiser Foundation Hospital and Rehab Center, Vallejo",Acute Care Hospital,Major Teaching,4,11.25,18499,0.36,0.11,0.86,Better,6,
2020H2,California,Solano,Clostridioides difficile Infection (CDI),110000011,"Kaiser Foundation Hospital and Rehab Center, Vallejo",Rehabilitation Hospital or Unit,Rehabilitation Unit,0,3.7,7166,0,0,0.81,Better,6,
2020H2,California,Solano,Clostridioides difficile Infection (CDI),630012364,"Kaiser Foundation Hospital, Vacaville",Acute Care Hospital,Major Teaching,5,9.8,16502,0.51,0.19,1.13,Same,6,
2020H2,California,Solano,Clostridioides difficile Infection (CDI),110000010,Northbay Medical Center,Acute Care Hospital,"Community, 125-250 Beds",4,12.04,18836,0.33,0.11,0.8,Better,6,
2020H2,California,Solano,Clostridioides difficile Infection (CDI),110000378,Northbay Vacavalley Hospital,Acute Care Hospital,"Community, <125 Beds",0,2.72,5533,0,0,1.1,Same,6,
2020H2,California,Solano,Clostridioides difficile Infection (CDI),110000068,Sutter Solano Medical Center,Acute Care Hospital,"Community, <125 Beds",1,5.39,9835,0.19,0.01,0.92,Better,6,
2020H2,California,Sonoma,Clostridioides difficile Infection (CDI),110000009,Healdsburg Hospital,Critical Access Hospital,Critical Access,0,0.33,1495,0,0,11.172,Same,6,¥ See Data Dictionary
2020H2,California,Sonoma,Clostridioides difficile Infection (CDI),110000508,"Kaiser Foundation Hospital, Santa Rosa",Acute Care Hospital,Major Teaching,3,11.68,18842,0.26,0.07,0.7,Better,6,
2020H2,California,Sonoma,Clostridioides difficile Infection (CDI),110000040,Petaluma Valley Hospital,Acute Care Hospital,"Community, <125 Beds",0,2.59,4392,0,0,1.16,Same,6,
2020H2,California,Sonoma,Clostridioides difficile Infection (CDI),140001268,Providence Santa Rosa Memorial Hospital,Acute Care Hospital,"Community, >250 Beds",4,16.8,30158,0.24,0.08,0.57,Better,6,
2020H2,California,Sonoma,Clostridioides difficile Infection (CDI),140001268,Providence Santa Rosa Memorial Hospital,Rehabilitation Hospital or Unit,Rehabilitation Unit,0,2.98,7377,0,0,1,Same,6,
2020H2,California,Sonoma,Clostridioides difficile Infection (CDI),110000038,Sonoma Specialty Hospital,Acute Care Hospital,"Community, <125 Beds",,,,,,,,0,"Incomplete Reporter, interpret with caution"
2020H2,California,Sonoma,Clostridioides difficile Infection (CDI),110000056,Sonoma Valley Hospital,Acute Care Hospital,"Community, <125 Beds",1,1.4,1615,0.72,0.04,3.53,Same,6,
2020H2,California,Sonoma,Clostridioides difficile Infection (CDI),110000007,Sutter Santa Rosa Regional Hospital,Acute Care Hospital,"Community, <125 Beds",6,9.16,13226,0.66,0.27,1.36,Same,6,
2020H2,California,Stanislaus,Clostridioides difficile Infection (CDI),030000129,Central Valley Specialty Hospital,Long-Term Acute Care Hospital,Long-Term Acute Care,,,,,,,,0,"Incomplete Reporter, interpret with caution"
2020H2,California,Stanislaus,Clostridioides difficile Infection (CDI),030000122,Doctors Medical Center,Acute Care Hospital,"Community, >250 Beds",17,34.76,51663,0.49,0.29,0.77,Better,6,
2020H2,California,Stanislaus,Clostridioides difficile Infection (CDI),030000125,Emanuel Medical Center,Acute Care Hospital,"Community, 125-250 Beds",4,9.54,17009,0.42,0.13,1.01,Same,6,
2020H2,California,Stanislaus,Clostridioides difficile Infection (CDI),630016419,Encompass Health Rehabilitation Hospital of Modesto,Rehabilitation Hospital or Unit,Free-Standing Rehabilitation,0,2.17,5465,0,0,1.38,Same,6,
2020H2,California,Stanislaus,Clostridioides difficile Infection (CDI),630011683,"Kaiser Foundation Hospital, Modesto",Acute Care Hospital,"Community, 125-250 Beds",6,11.99,19555,0.5,0.2,1.04,Same,6,
2020H2,California,Stanislaus,Clostridioides difficile Infection (CDI),030000123,Memorial Medical Center,Acute Care Hospital,"Community, >250 Beds",8,31.34,48735,0.26,0.12,0.49,Better,6,
2020H2,California,Stanislaus,Clostridioides difficile Infection (CDI),030000131,Oak Valley Hospital District,Acute Care Hospital,"Community, <125 Beds",1,1.85,1716,0.54,0.03,2.67,Same,6,
2020H2,California,Stanislaus,Clostridioides difficile Infection (CDI),030001661,Stanislaus Surgical Hospital,Acute Care Hospital,"Community, <125 Beds",0,0.05,307,,,,,6,
2020H2,California,Sutter,Clostridioides difficile Infection (CDI),630011844,"Sutter Surgical Hospital, North Valley",Acute Care Hospital,"Community, <125 Beds",0,0.1,745,,,,,6,
2020H2,California,Tehama,Clostridioides difficile Infection (CDI),230000020,St. Elizabeth Community Hospital,Acute Care Hospital,Major Teaching,0,1.38,5849,0,0,2.18,Same,6,
2020H2,California,Trinity,Clostridioides difficile Infection (CDI),230000022,Trinity Hospital,Critical Access Hospital,Critical Access,0,0.27,1240,0,0,13.47,Same,6,¥ See Data Dictionary
2020H2,California,Tulare,Clostridioides difficile Infection (CDI),120001467,Adventist Health Tulare,Acute Care Hospital,"Community, <125 Beds",0,0.69,3781,0,0,5.326,Same,6,¥ See Data Dictionary
2020H2,California,Tulare,Clostridioides difficile Infection (CDI),120001444,Kaweah Delta Medical Center,Acute Care Hospital,Major Teaching,6,30,52496,0.2,0.08,0.42,Better,6,
2020H2,California,Tulare,Clostridioides difficile Infection (CDI),170001874,Porterville Developmental Center,Acute Care Hospital,"Community, <125 Beds",0,0.02,81,,,,,6,
2020H2,California,Tulare,Clostridioides difficile Infection (CDI),120001464,Sierra View Medical Center,Acute Care Hospital,"Community, 125-250 Beds",4,5.55,9949,0.72,0.23,1.74,Same,6,
2020H2,California,Tuolumne,Clostridioides difficile Infection (CDI),030001799,Adventist Health Sonora,Acute Care Hospital,"Community, <125 Beds",0,2.5,7791,0,0,1.2,Same,6,
2020H2,California,Ventura,Clostridioides difficile Infection (CDI),050000455,Adventist Health Simi Valley,Acute Care Hospital,"Community, 125-250 Beds",1,8.69,18240,0.12,0.01,0.57,Better,6,
2020H2,California,Ventura,Clostridioides difficile Infection (CDI),050000014,"Community Memorial Hospital, San Buenaventura",Acute Care Hospital,Major Teaching,29,27.02,26638,1.07,0.73,1.52,Same,6,
2020H2,California,Ventura,Clostridioides difficile Infection (CDI),050000020,Los Robles Hospital & Medical Center,Acute Care Hospital,"Community, >250 Beds",3,15.64,32679,0.19,0.05,0.52,Better,6,
2020H2,California,Ventura,Clostridioides difficile Infection (CDI),050000553,"Los Robles Hospital & Medical Center, East Campus",Rehabilitation Hospital or Unit,Free-Standing Rehabilitation,1,1.56,5961,0.64,0.03,3.17,Same,6,
2020H2,California,Ventura,Clostridioides difficile Infection (CDI),050000023,Ojai Valley Community Hospital,Critical Access Hospital,Critical Access,1,0.07,301,,,,,6,
2020H2,California,Ventura,Clostridioides difficile Infection (CDI),050000026,St Johns Pleasant Valley Hospital,Acute Care Hospital,"Community, <125 Beds",2,2.32,7755,0.86,0.15,2.85,Same,6,
2020H2,California,Ventura,Clostridioides difficile Infection (CDI),050000035,St Johns Regional Medical Center,Acute Care Hospital,"Community, 125-250 Beds",5,9.6,22668,0.52,0.19,1.15,Same,6,
2020H2,California,Ventura,Clostridioides difficile Infection (CDI),050000035,St Johns Regional Medical Center,Rehabilitation Hospital or Unit,Rehabilitation Unit,0,1.15,2985,0,0,2.61,Same,6,
2020H2,California,Ventura,Clostridioides difficile Infection (CDI),050001468,Thousand Oaks Surgical Hospital,Acute Care Hospital,"Community, <125 Beds",0,0.11,910,,,,,6,
2020H2,California,Ventura,Clostridioides difficile Infection (CDI),050000039,Ventura County Medical Center,Acute Care Hospital,Major Teaching,7,8.61,13564,0.81,0.36,1.61,Same,6,
2020H2,California,Ventura,Clostridioides difficile Infection (CDI),630010957,"Ventura County Medical Center, Santa Paula Hospital",Acute Care Hospital,Major Teaching,2,1.01,2135,1.98,0.33,6.54,Same,6,
2020H2,California,Yolo,Clostridioides difficile Infection (CDI),030000149,Sutter Davis Hospital,Acute Care Hospital,"Community, <125 Beds",0,2.75,5911,0,0,1.09,Same,6,
2020H2,California,Yolo,Clostridioides difficile Infection (CDI),030000146,Woodland Memorial Hospital,Acute Care Hospital,"Community, <125 Beds",0,3.1,6353,0,0,0.97,Better,6,
2020H2,California,Yuba,Clostridioides difficile Infection (CDI),230000261,Adventist Health and Rideout,Acute Care Hospital,"Community, 125-250 Beds",7,12.65,31294,0.55,0.24,1.1,Same,6,
